roundId,timestamp,price
18446744073709551617,2025-03-19 11:23:11,1939.8498
18446744073709551618,2025-03-19 12:23:47,1937.48580961
18446744073709551619,2025-03-19 13:23:59,1934.5879
18446744073709551620,2025-03-19 14:20:59,1944.44052915
18446744073709551621,2025-03-19 15:21:23,1941.99
18446744073709551622,2025-03-19 16:01:23,1964.099598
18446744073709551623,2025-03-19 16:01:59,1980.6569
18446744073709551624,2025-03-19 16:07:59,1969.0874
18446744073709551625,2025-03-19 16:25:35,1979.56297098
18446744073709551626,2025-03-19 16:41:47,1994.81
18446744073709551627,2025-03-19 16:44:59,2008.22
18446744073709551628,2025-03-19 16:57:47,2019.16
18446744073709551629,2025-03-19 17:13:59,2030.82717987
18446744073709551630,2025-03-19 17:33:11,2019.9536686
18446744073709551631,2025-03-19 18:00:35,2009.7581
18446744073709551632,2025-03-19 18:09:59,1999.70361301
18446744073709551633,2025-03-19 18:37:47,2011.46613583
18446744073709551634,2025-03-19 19:33:35,2021.77663625
18446744073709551635,2025-03-19 19:39:35,2032.182247
18446744073709551636,2025-03-19 20:01:11,2020.1364
18446744073709551637,2025-03-19 20:08:35,2030.289
18446744073709551638,2025-03-19 21:07:47,2045.0037282
18446744073709551639,2025-03-19 21:26:47,2055.6937
18446744073709551640,2025-03-19 21:32:23,2045.22
18446744073709551641,2025-03-19 21:55:23,2042.38638248
18446744073709551642,2025-03-19 22:55:35,2044.8708
18446744073709551643,2025-03-19 23:01:59,2034.13
18446744073709551644,2025-03-19 23:14:59,2020.59
18446744073709551645,2025-03-19 23:30:23,2031.43269576
18446744073709551646,2025-03-19 23:30:59,2045.997237
18446744073709551647,2025-03-19 23:32:23,2034.4256
18446744073709551648,2025-03-19 23:35:59,2019.85935302
18446744073709551649,2025-03-19 23:38:23,2006.7
18446744073709551650,2025-03-19 23:40:23,2020.4116485
18446744073709551651,2025-03-19 23:41:47,2031.61
18446744073709551652,2025-03-19 23:51:59,2020.84097491
18446744073709551653,2025-03-20 00:02:59,2031.80788203
18446744073709551654,2025-03-20 00:09:59,2019.3814
18446744073709551655,2025-03-20 00:22:11,2030.68
18446744073709551656,2025-03-20 00:24:35,2042.0
18446744073709551657,2025-03-20 00:39:35,2052.50796419
18446744073709551658,2025-03-20 00:43:11,2040.3296
18446744073709551659,2025-03-20 00:53:35,2029.8481
18446744073709551660,2025-03-20 01:36:35,2041.06753681
18446744073709551661,2025-03-20 02:23:35,2030.84353999
18446744073709551662,2025-03-20 02:38:35,2041.56009102
18446744073709551663,2025-03-20 03:38:47,2040.54
18446744073709551664,2025-03-20 04:12:35,2052.11601382
18446744073709551665,2025-03-20 05:10:11,2063.2782
18446744073709551666,2025-03-20 05:52:47,2052.53
18446744073709551667,2025-03-20 06:07:11,2041.9
18446744073709551668,2025-03-20 06:20:11,2031.3
18446744073709551669,2025-03-20 06:41:47,2041.67
18446744073709551670,2025-03-20 07:01:11,2031.33850728
18446744073709551671,2025-03-20 08:01:23,2025.79
18446744073709551672,2025-03-20 09:01:59,2026.74714244
18446744073709551673,2025-03-20 10:02:23,2024.723972
18446744073709551674,2025-03-20 10:55:35,2014.10171
18446744073709551675,2025-03-20 11:55:47,2020.09102367
18446744073709551676,2025-03-20 12:11:47,2009.95
18446744073709551677,2025-03-20 13:12:11,2008.3657
18446744073709551678,2025-03-20 14:12:35,2014.83218033
18446744073709551679,2025-03-20 15:12:59,2008.252848
18446744073709551680,2025-03-20 15:41:11,1997.2051
18446744073709551681,2025-03-20 15:46:11,1986.6595
18446744073709551682,2025-03-20 15:50:23,1975.92
18446744073709551683,2025-03-20 16:16:11,1985.875
18446744073709551684,2025-03-20 17:16:35,1991.1894
18446744073709551685,2025-03-20 18:17:11,1991.6652
18446744073709551686,2025-03-20 19:17:47,1995.50137522
18446744073709551687,2025-03-20 19:22:11,1984.61028125
18446744073709551688,2025-03-20 19:33:11,1994.5949
18446744073709551689,2025-03-20 19:50:23,2006.87564217
18446744073709551690,2025-03-20 20:31:47,1996.68793415
18446744073709551691,2025-03-20 20:34:23,1984.43
18446744073709551692,2025-03-20 21:05:47,1973.77295792
18446744073709551693,2025-03-20 21:51:23,1963.88038897
18446744073709551694,2025-03-20 22:16:47,1953.81
18446744073709551695,2025-03-20 22:38:23,1964.04
18446744073709551696,2025-03-20 23:38:35,1968.3926
18446744073709551697,2025-03-21 00:39:11,1967.92
18446744073709551698,2025-03-21 01:18:11,1978.04
18446744073709551699,2025-03-21 02:18:23,1977.25451992
18446744073709551700,2025-03-21 03:18:59,1978.55871914
18446744073709551701,2025-03-21 04:18:59,1979.02
18446744073709551702,2025-03-21 05:19:11,1978.7815828
18446744073709551703,2025-03-21 05:39:47,1990.69243531
18446744073709551704,2025-03-21 06:00:47,1980.68344378
18446744073709551705,2025-03-21 06:22:11,1990.63
18446744073709551706,2025-03-21 07:22:47,1990.69
18446744073709551707,2025-03-21 08:23:11,1986.92079691
18446744073709551708,2025-03-21 08:40:47,1976.31998951
18446744073709551709,2025-03-21 09:41:11,1980.51
18446744073709551710,2025-03-21 10:41:23,1974.56896651
18446744073709551711,2025-03-21 11:41:59,1970.88
18446744073709551712,2025-03-21 12:43:11,1971.83623872
18446744073709551713,2025-03-21 13:43:47,1974.6
18446744073709551714,2025-03-21 14:05:11,1964.2
18446744073709551715,2025-03-21 14:30:11,1974.03440416
18446744073709551716,2025-03-21 15:31:23,1968.56972628
18446744073709551717,2025-03-21 15:52:23,1958.31
18446744073709551718,2025-03-21 16:24:59,1968.8681
18446744073709551719,2025-03-21 17:25:11,1964.5659
18446744073709551720,2025-03-21 18:11:47,1940.29307091
18446744073709551721,2025-03-21 18:13:11,1950.35008745
18446744073709551722,2025-03-21 19:03:47,1938.25
18446744073709551723,2025-03-21 19:12:23,1948.10608699
18446744073709551724,2025-03-21 20:12:59,1944.16617065
18446744073709551725,2025-03-21 20:30:35,1954.087759
18446744073709551726,2025-03-21 21:30:47,1949.97
18446744073709551727,2025-03-21 21:54:23,1959.7392
18446744073709551728,2025-03-21 22:54:59,1964.2141
18446744073709551729,2025-03-21 23:55:35,1966.21730971
18446744073709551730,2025-03-22 00:55:35,1976.804
18446744073709551731,2025-03-22 01:55:47,1974.150152
18446744073709551732,2025-03-22 02:56:23,1976.27147912
18446744073709551733,2025-03-22 03:43:23,1966.04
18446744073709551734,2025-03-22 04:43:35,1967.2441
18446744073709551735,2025-03-22 05:43:59,1970.19
18446744073709551736,2025-03-22 06:23:35,1981.1
18446744073709551737,2025-03-22 07:24:47,1975.00731892
18446744073709551738,2025-03-22 08:09:47,1984.94755933
18446744073709551739,2025-03-22 09:09:59,1984.43
18446744073709551740,2025-03-22 10:10:11,1987.73
18446744073709551741,2025-03-22 11:10:35,1984.33749638
18446744073709551742,2025-03-22 12:10:47,1987.41713148
18446744073709551743,2025-03-22 13:11:11,1987.7917603
18446744073709551744,2025-03-22 14:11:23,1987.69868116
18446744073709551745,2025-03-22 14:52:23,1997.94570348
18446744073709551746,2025-03-22 15:52:35,1997.06952873
18446744073709551747,2025-03-22 16:52:59,1992.58999999
18446744073709551748,2025-03-22 17:53:11,1994.71
18446744073709551749,2025-03-22 18:53:47,1992.1
18446744073709551750,2025-03-22 19:54:11,1990.40105637
18446744073709551751,2025-03-22 20:54:47,1984.15431648
18446744073709551752,2025-03-22 21:55:23,1988.99
18446744073709551753,2025-03-22 22:55:47,1991.45440359
18446744073709551754,2025-03-22 23:56:23,1995.29955817
18446744073709551755,2025-03-23 00:56:59,1995.40943318
18446744073709551756,2025-03-23 01:57:35,1999.1491
18446744073709551757,2025-03-23 02:58:11,1990.8432
18446744073709551758,2025-03-23 03:58:47,1986.181
18446744073709551759,2025-03-23 04:59:11,1979.41377992
18446744073709551760,2025-03-23 05:59:23,1983.70994548
18446744073709551761,2025-03-23 06:54:47,1994.35367385
18446744073709551762,2025-03-23 07:54:59,1996.71787618
18446744073709551763,2025-03-23 08:55:35,2001.47
18446744073709551764,2025-03-23 09:55:47,2002.1608
18446744073709551765,2025-03-23 10:56:23,1992.8778
18446744073709551766,2025-03-23 11:57:11,1999.57661913
18446744073709551767,2025-03-23 12:57:35,2004.9311068
18446744073709551768,2025-03-23 13:22:59,2015.79356002
18446744073709551769,2025-03-23 14:23:35,2010.74394058
18446744073709551770,2025-03-23 15:24:11,2015.66
18446744073709551771,2025-03-23 16:24:47,2012.57
18446744073709551772,2025-03-23 17:25:23,2005.5357
18446744073709551773,2025-03-23 18:25:47,2007.29261448
18446744073709551774,2025-03-23 18:57:59,2018.34
18446744073709551775,2025-03-23 19:53:35,2008.09524118
18446744073709551776,2025-03-23 20:53:59,2010.6167097
18446744073709551777,2025-03-23 21:54:11,2002.32
18446744073709551778,2025-03-23 22:54:23,2001.42999999
18446744073709551779,2025-03-23 23:14:47,1990.4171235
18446744073709551780,2025-03-24 00:14:59,1995.58539856
18446744073709551781,2025-03-24 01:15:11,1997.3909
18446744073709551782,2025-03-24 02:15:23,1997.36052682
18446744073709551783,2025-03-24 03:15:59,1989.5077
18446744073709551784,2025-03-24 04:16:23,1986.21
18446744073709551785,2025-03-24 04:58:59,1996.48750663
18446744073709551786,2025-03-24 05:54:35,2006.9
18446744073709551787,2025-03-24 06:04:59,2019.21
18446744073709551788,2025-03-24 06:14:11,2008.64
18446744073709551789,2025-03-24 06:28:47,1997.94
18446744073709551790,2025-03-24 06:59:11,1987.85
18446744073709551791,2025-03-24 07:59:23,1985.82634432
18446744073709551792,2025-03-24 08:36:23,1996.21
18446744073709551793,2025-03-24 08:45:23,2006.72
18446744073709551794,2025-03-24 09:31:59,2017.51
18446744073709551795,2025-03-24 10:13:35,2028.75491218
18446744073709551796,2025-03-24 10:29:35,2042.75393204
18446744073709551797,2025-03-24 11:11:59,2053.46782107
18446744073709551798,2025-03-24 11:38:59,2073.34
18446744073709551799,2025-03-24 11:43:11,2061.4802555
18446744073709551800,2025-03-24 12:36:47,2072.18999999
18446744073709551801,2025-03-24 13:37:23,2072.673444
18446744073709551802,2025-03-24 13:52:35,2084.5217
18446744073709551803,2025-03-24 14:52:47,2088.0768
18446744073709551804,2025-03-24 15:52:59,2091.10995587
18446744073709551805,2025-03-24 16:53:35,2091.26988425
18446744073709551806,2025-03-24 17:54:23,2089.35753625
18446744073709551807,2025-03-24 18:36:35,2078.8857
18446744073709551808,2025-03-24 19:34:59,2089.38060012
18446744073709551809,2025-03-24 19:48:59,2099.8932
18446744073709551810,2025-03-24 19:57:59,2089.0849
18446744073709551811,2025-03-24 20:27:11,2078.525037
18446744073709551812,2025-03-24 21:23:11,2089.13
18446744073709551813,2025-03-24 21:56:23,2076.95
18446744073709551814,2025-03-24 22:47:59,2088.0
18446744073709551815,2025-03-24 23:48:35,2090.08940478
18446744073709551816,2025-03-25 00:48:59,2093.23053236
18446744073709551817,2025-03-25 01:49:23,2092.51
18446744073709551818,2025-03-25 02:36:59,2081.13178468
18446744073709551819,2025-03-25 03:01:11,2091.69459734
18446744073709551820,2025-03-25 03:41:47,2081.16897664
18446744073709551821,2025-03-25 04:42:23,2073.46298342
18446744073709551822,2025-03-25 05:38:35,2084.84
18446744073709551823,2025-03-25 05:53:35,2096.483073
18446744073709551824,2025-03-25 06:01:35,2085.95803492
18446744073709551825,2025-03-25 06:55:11,2075.39111256
18446744073709551826,2025-03-25 07:01:47,2062.49
18446744073709551827,2025-03-25 08:02:23,2065.68
18446744073709551828,2025-03-25 08:48:23,2054.38
18446744073709551829,2025-03-25 09:20:59,2044.0
18446744073709551830,2025-03-25 10:21:23,2043.82732584
18446744073709551831,2025-03-25 11:21:35,2050.52
18446744073709551832,2025-03-25 12:21:47,2052.7
18446744073709551833,2025-03-25 12:34:23,2063.7443
18446744073709551834,2025-03-25 13:08:11,2053.2454
18446744073709551835,2025-03-25 14:08:47,2062.0547
18446744073709551836,2025-03-25 15:08:59,2067.23103616
18446744073709551837,2025-03-25 16:09:11,2070.73660927
18446744073709551838,2025-03-25 17:09:47,2070.28040562
18446744073709551839,2025-03-25 18:10:23,2059.3288165
18446744073709551840,2025-03-25 18:47:23,2069.73038261
18446744073709551841,2025-03-25 19:19:23,2059.26
18446744073709551842,2025-03-25 20:01:59,2070.23
18446744073709551843,2025-03-25 21:02:11,2075.98088132
18446744073709551844,2025-03-25 22:02:47,2066.16
18446744073709551845,2025-03-25 22:38:47,2076.752485
18446744073709551846,2025-03-25 23:39:23,2074.77793655
18446744073709551847,2025-03-26 00:09:47,2061.92376569
18446744073709551848,2025-03-26 01:06:59,2073.74
18446744073709551849,2025-03-26 02:06:59,2072.8400135
18446744073709551850,2025-03-26 03:07:11,2066.165366
18446744073709551851,2025-03-26 04:01:11,2055.766484
18446744073709551852,2025-03-26 04:23:47,2067.4
18446744073709551853,2025-03-26 05:23:59,2069.84277308
18446744073709551854,2025-03-26 06:24:35,2073.238165
18446744073709551855,2025-03-26 07:25:11,2075.38587306
18446744073709551856,2025-03-26 07:37:35,2064.10804434
18446744073709551857,2025-03-26 08:22:11,2053.7257
18446744073709551858,2025-03-26 09:22:35,2045.853992
18446744073709551859,2025-03-26 10:09:23,2056.08550554
18446744073709551860,2025-03-26 11:09:59,2057.68008671
18446744073709551861,2025-03-26 12:10:35,2061.31
18446744073709551862,2025-03-26 13:01:59,2071.711427
18446744073709551863,2025-03-26 14:02:35,2070.11587061
18446744073709551864,2025-03-26 14:50:59,2059.63
18446744073709551865,2025-03-26 15:51:11,2070.64804356
18446744073709551866,2025-03-26 16:51:35,2073.08211164
18446744073709551867,2025-03-26 17:48:35,2062.02
18446744073709551868,2025-03-26 18:48:35,2057.65
18446744073709551869,2025-03-26 19:20:47,2047.35795343
18446744073709551870,2025-03-26 19:26:11,2034.6434
18446744073709551871,2025-03-26 19:50:23,2023.8852
18446744073709551872,2025-03-26 19:52:47,2012.65287476
18446744073709551873,2025-03-26 20:53:23,2014.99366381
18446744073709551874,2025-03-26 21:53:47,2014.1252
18446744073709551875,2025-03-26 22:53:59,2009.44
18446744073709551876,2025-03-26 23:54:11,2009.4518
18446744073709551877,2025-03-27 00:26:11,1999.0259
18446744073709551878,2025-03-27 00:37:35,1988.35
18446744073709551879,2025-03-27 01:12:35,1998.42722317
18446744073709551880,2025-03-27 01:37:35,2010.24
18446744073709551881,2025-03-27 02:38:11,2006.9109
18446744073709551882,2025-03-27 03:09:35,1996.77
18446744073709551883,2025-03-27 03:20:11,2009.3237725
18446744073709551884,2025-03-27 03:51:35,1998.83233748
18446744073709551885,2025-03-27 04:52:11,1997.63156755
18446744073709551886,2025-03-27 05:22:11,2009.1311
18446744073709551887,2025-03-27 06:22:47,2017.723
18446744073709551888,2025-03-27 07:23:11,2022.2549167
18446744073709551889,2025-03-27 08:20:47,2035.0838066
18446744073709551890,2025-03-27 09:21:11,2031.3166
18446744073709551891,2025-03-27 10:21:23,2030.23865061
18446744073709551892,2025-03-27 11:21:47,2025.2429
18446744073709551893,2025-03-27 12:22:23,2023.64581769
18446744073709551894,2025-03-27 13:22:47,2027.02550897
18446744073709551895,2025-03-27 14:22:59,2022.285942
18446744073709551896,2025-03-27 15:23:23,2031.1
18446744073709551897,2025-03-27 16:23:59,2025.87698373
18446744073709551898,2025-03-27 17:17:23,2015.39865542
18446744073709551899,2025-03-27 18:17:35,2019.0095845
18446744073709551900,2025-03-27 18:54:35,2008.854
18446744073709551901,2025-03-27 19:03:47,1995.38240879
18446744073709551902,2025-03-27 19:31:11,2007.04697989
18446744073709551903,2025-03-27 20:09:59,2020.1649
18446744073709551904,2025-03-27 21:09:35,2009.58
18446744073709551905,2025-03-27 22:10:11,2008.69856722
18446744073709551906,2025-03-27 23:07:47,1997.71
18446744073709551907,2025-03-28 00:04:35,2007.83
18446744073709551908,2025-03-28 01:04:35,2010.128464
18446744073709551909,2025-03-28 02:04:47,2008.38779503
18446744073709551910,2025-03-28 03:05:11,2015.251758
18446744073709551911,2025-03-28 04:05:47,2009.5603
18446744073709551912,2025-03-28 05:06:23,2006.98579337
18446744073709551913,2025-03-28 05:57:47,1995.5004066
18446744073709551914,2025-03-28 06:20:47,2005.96
18446744073709551915,2025-03-28 06:43:47,1995.72367318
18446744073709551916,2025-03-28 07:03:59,2006.75
18446744073709551917,2025-03-28 08:04:23,2009.311
18446744073709551918,2025-03-28 08:42:23,1997.3350631
18446744073709551919,2025-03-28 09:42:59,2004.02268644
18446744073709551920,2025-03-28 10:03:11,1992.43
18446744073709551921,2025-03-28 10:10:23,1978.7
18446744073709551922,2025-03-28 10:11:23,1920.567314
18446744073709551923,2025-03-28 10:12:59,1939.35
18446744073709551924,2025-03-28 10:17:11,1925.65
18446744073709551925,2025-03-28 10:17:59,1935.6516
18446744073709551926,2025-03-28 10:39:23,1925.32014583
18446744073709551927,2025-03-28 11:13:23,1913.83829882
18446744073709551928,2025-03-28 11:37:59,1925.03855497
18446744073709551929,2025-03-28 12:23:47,1913.25
18446744073709551930,2025-03-28 13:23:59,1907.5319
18446744073709551931,2025-03-28 14:24:35,1909.06946802
18446744073709551932,2025-03-28 15:24:59,1909.87
18446744073709551933,2025-03-28 16:25:47,1907.70466588
18446744073709551934,2025-03-28 16:52:35,1917.97
18446744073709551935,2025-03-28 16:56:47,1877.49
18446744073709551936,2025-03-28 16:56:47,1887.11850264
18446744073709551937,2025-03-28 16:59:59,1896.86565013
18446744073709551938,2025-03-28 17:50:11,1886.96403496
18446744073709551939,2025-03-28 18:45:11,1896.6866
18446744073709551940,2025-03-28 19:25:35,1885.83
18446744073709551941,2025-03-28 20:26:23,1889.61949459
18446744073709551942,2025-03-28 20:36:35,1879.836407
18446744073709551943,2025-03-28 21:31:35,1870.4
18446744073709551944,2025-03-28 22:31:47,1868.67
18446744073709551945,2025-03-28 23:19:11,1878.473004
18446744073709551946,2025-03-29 00:19:47,1873.38
18446744073709551947,2025-03-29 01:20:11,1874.67482403
18446744073709551948,2025-03-29 01:51:47,1884.40104733
18446744073709551949,2025-03-29 02:32:23,1873.8059
18446744073709551950,2025-03-29 02:41:23,1883.97158946
18446744073709551951,2025-03-29 03:41:47,1890.535379
18446744073709551952,2025-03-29 04:27:23,1900.479742
18446744073709551953,2025-03-29 05:27:47,1895.39
18446744073709551954,2025-03-29 05:48:23,1904.92193561
18446744073709551955,2025-03-29 06:48:59,1903.03309747
18446744073709551956,2025-03-29 07:49:23,1909.7
18446744073709551957,2025-03-29 08:14:59,1899.16541441
18446744073709551958,2025-03-29 08:39:59,1889.14186908
18446744073709551959,2025-03-29 09:00:59,1899.45829315
18446744073709551960,2025-03-29 10:01:35,1894.62
18446744073709551961,2025-03-29 11:01:59,1887.87
18446744073709551962,2025-03-29 11:43:59,1878.41102596
18446744073709551963,2025-03-29 12:45:35,1878.81
18446744073709551964,2025-03-29 13:47:11,1881.50222
18446744073709551965,2025-03-29 14:47:35,1880.15800918
18446744073709551966,2025-03-29 15:13:35,1870.14014249
18446744073709551967,2025-03-29 16:14:11,1875.29
18446744073709551968,2025-03-29 16:26:35,1864.7057
18446744073709551969,2025-03-29 16:53:47,1850.48381913
18446744073709551970,2025-03-29 17:03:35,1839.65
18446744073709551971,2025-03-29 17:43:11,1850.05
18446744073709551972,2025-03-29 18:43:47,1856.57
18446744073709551973,2025-03-29 19:44:11,1855.1927
18446744073709551974,2025-03-29 20:30:11,1844.6351
18446744073709551975,2025-03-29 21:06:47,1834.82093863
18446744073709551976,2025-03-29 21:34:11,1845.46572105
18446744073709551977,2025-03-29 22:00:47,1836.05548808
18446744073709551978,2025-03-29 22:17:59,1824.34
18446744073709551979,2025-03-29 22:45:47,1805.9591
18446744073709551980,2025-03-29 22:58:23,1817.40182846
18446744073709551981,2025-03-29 23:01:47,1829.23233584
18446744073709551982,2025-03-29 23:08:47,1817.57
18446744073709551983,2025-03-29 23:23:23,1806.16
18446744073709551984,2025-03-29 23:26:47,1816.4638
18446744073709551985,2025-03-30 00:06:47,1826.257884
18446744073709551986,2025-03-30 00:30:47,1817.04607912
18446744073709551987,2025-03-30 01:28:59,1826.8893
18446744073709551988,2025-03-30 01:37:59,1816.14684791
18446744073709551989,2025-03-30 02:38:35,1819.1885752
18446744073709551990,2025-03-30 03:38:59,1815.64460451
18446744073709551991,2025-03-30 04:39:23,1819.07224627
18446744073709551992,2025-03-30 05:24:35,1829.652534
18446744073709551993,2025-03-30 06:03:47,1820.4599
18446744073709551994,2025-03-30 06:21:59,1829.89860634
18446744073709551995,2025-03-30 07:02:59,1839.45601716
18446744073709551996,2025-03-30 08:03:35,1837.6852
18446744073709551997,2025-03-30 09:03:59,1839.9865129
18446744073709551998,2025-03-30 10:04:35,1839.75723524
18446744073709551999,2025-03-30 11:05:35,1842.64726288
18446744073709552000,2025-03-30 11:48:11,1833.04751104
18446744073709552001,2025-03-30 12:17:11,1842.42324021
18446744073709552002,2025-03-30 13:17:35,1837.74806992
18446744073709552003,2025-03-30 14:17:47,1843.67
18446744073709552004,2025-03-30 15:18:11,1845.34
18446744073709552005,2025-03-30 15:54:11,1834.25032028
18446744073709552006,2025-03-30 16:54:47,1834.26268403
18446744073709552007,2025-03-30 17:55:11,1833.57429951
18446744073709552008,2025-03-30 18:55:23,1831.54177202
18446744073709552009,2025-03-30 19:01:23,1820.2
18446744073709552010,2025-03-30 19:03:11,1802.01
18446744073709552011,2025-03-30 19:05:47,1813.6708
18446744073709552012,2025-03-30 19:32:47,1804.0585
18446744073709552013,2025-03-30 19:48:23,1813.087534
18446744073709552014,2025-03-30 20:48:47,1821.81
18446744073709552015,2025-03-30 21:27:47,1812.37056568
18446744073709552016,2025-03-30 22:08:11,1801.09
18446744073709552017,2025-03-30 22:26:11,1791.92576789
18446744073709552018,2025-03-30 22:46:47,1802.58036
18446744073709552019,2025-03-30 23:39:23,1812.2311695
18446744073709552020,2025-03-30 23:52:59,1821.9
18446744073709552021,2025-03-31 00:32:11,1831.24
18446744073709552022,2025-03-31 00:42:47,1821.83
18446744073709552023,2025-03-31 01:35:11,1811.686585
18446744073709552024,2025-03-31 02:35:23,1818.91305943
18446744073709552025,2025-03-31 03:11:23,1809.12109852
18446744073709552026,2025-03-31 03:32:35,1798.8280125
18446744073709552027,2025-03-31 03:38:23,1779.0608
18446744073709552028,2025-03-31 03:54:23,1788.72
18446744073709552029,2025-03-31 04:05:47,1798.0212
18446744073709552030,2025-03-31 04:07:23,1809.80583717
18446744073709552031,2025-03-31 04:35:23,1799.88
18446744073709552032,2025-03-31 05:31:23,1809.24
18446744073709552033,2025-03-31 06:01:47,1799.741581
18446744073709552034,2025-03-31 06:07:47,1788.1950516
18446744073709552035,2025-03-31 06:18:23,1778.32013788
18446744073709552036,2025-03-31 06:23:23,1788.1
18446744073709552037,2025-03-31 06:34:35,1801.53
18446744073709552038,2025-03-31 06:55:59,1811.61
18446744073709552039,2025-03-31 07:56:23,1808.16408669
18446744073709552040,2025-03-31 08:15:23,1817.602137
18446744073709552041,2025-03-31 08:41:23,1808.00513885
18446744073709552042,2025-03-31 09:18:59,1798.75
18446744073709552043,2025-03-31 10:15:59,1807.972
18446744073709552044,2025-03-31 11:16:35,1810.8549
18446744073709552045,2025-03-31 11:58:59,1801.62622925
18446744073709552046,2025-03-31 12:59:35,1799.13
18446744073709552047,2025-03-31 13:24:35,1789.79999999
18446744073709552048,2025-03-31 13:30:35,1799.816277
18446744073709552049,2025-03-31 14:31:11,1795.22611473
18446744073709552050,2025-03-31 14:44:35,1785.49443224
18446744073709552051,2025-03-31 15:45:11,1782.897092
18446744073709552052,2025-03-31 16:06:23,1793.07
18446744073709552053,2025-03-31 16:17:47,1805.2327
18446744073709552054,2025-03-31 17:18:11,1808.94688858
18446744073709552055,2025-03-31 17:56:35,1819.01501231
18446744073709552056,2025-03-31 18:21:59,1831.59101126
18446744073709552057,2025-03-31 19:01:23,1820.97541201
18446744073709552058,2025-03-31 19:03:11,1808.01
18446744073709552059,2025-03-31 19:24:23,1817.09969837
18446744073709552060,2025-03-31 19:33:23,1826.59294717
18446744073709552061,2025-03-31 20:04:59,1838.59835574
18446744073709552062,2025-03-31 20:32:47,1850.81
18446744073709552063,2025-03-31 20:44:47,1840.4
18446744073709552064,2025-03-31 21:45:23,1835.59996138
18446744073709552065,2025-03-31 21:59:23,1845.87
18446744073709552066,2025-03-31 22:59:59,1839.22001262
18446744073709552067,2025-03-31 23:11:59,1827.759812
18446744073709552068,2025-03-31 23:17:59,1817.93
18446744073709552069,2025-03-31 23:23:59,1827.05
18446744073709552070,2025-03-31 23:40:59,1836.31
18446744073709552071,2025-04-01 00:12:23,1845.61
18446744073709552072,2025-04-01 00:58:59,1834.3253
18446744073709552073,2025-04-01 01:22:35,1824.48542934
18446744073709552074,2025-04-01 01:40:23,1834.203282
18446744073709552075,2025-04-01 02:20:59,1824.98025182
18446744073709552076,2025-04-01 03:21:35,1824.41
18446744073709552077,2025-04-01 04:21:59,1823.82761092
18446744073709552078,2025-04-01 05:22:35,1821.65791579
18446744073709552079,2025-04-01 06:22:47,1836.46420215
18446744073709552080,2025-04-01 06:24:35,1826.3175
18446744073709552081,2025-04-01 07:25:11,1824.0464
18446744073709552082,2025-04-01 07:47:11,1833.91510645
18446744073709552083,2025-04-01 08:47:35,1840.1078
18446744073709552084,2025-04-01 09:48:11,1832.06489898
18446744073709552085,2025-04-01 10:44:47,1841.34177873
18446744073709552086,2025-04-01 11:45:11,1843.44
18446744073709552087,2025-04-01 12:09:47,1853.5372
18446744073709552088,2025-04-01 12:10:47,1862.89181121
18446744073709552089,2025-04-01 13:04:47,1853.384167
18446744073709552090,2025-04-01 13:45:47,1863.81
18446744073709552091,2025-04-01 13:46:23,1875.21
18446744073709552092,2025-04-01 14:00:47,1885.01
18446744073709552093,2025-04-01 15:01:23,1881.62
18446744073709552094,2025-04-01 16:01:47,1879.53619956
18446744073709552095,2025-04-01 16:33:23,1869.9
18446744073709552096,2025-04-01 17:10:23,1859.22
18446744073709552097,2025-04-01 17:40:23,1869.21768837
18446744073709552098,2025-04-01 18:40:47,1865.46
18446744073709552099,2025-04-01 19:02:59,1876.971355
18446744073709552100,2025-04-01 19:06:23,1866.9182
18446744073709552101,2025-04-01 19:11:23,1876.45205519
18446744073709552102,2025-04-01 19:31:59,1866.5392703
18446744073709552103,2025-04-01 19:40:59,1856.8919
18446744073709552104,2025-04-01 19:43:23,1846.3195
18446744073709552105,2025-04-01 19:54:59,1855.96
18446744073709552106,2025-04-01 20:06:59,1865.51
18446744073709552107,2025-04-01 20:21:23,1875.06
18446744073709552108,2025-04-01 20:25:35,1887.25
18446744073709552109,2025-04-01 20:45:35,1900.3243
18446744073709552110,2025-04-01 20:46:59,1912.9286
18446744073709552111,2025-04-01 20:49:11,1923.49
18446744073709552112,2025-04-01 20:49:59,1912.52
18446744073709552113,2025-04-01 21:15:59,1923.48
18446744073709552114,2025-04-01 21:53:23,1912.8045
18446744073709552115,2025-04-01 22:53:35,1915.812771
18446744073709552116,2025-04-01 23:41:47,1905.82
18446744073709552117,2025-04-02 00:42:23,1906.106
18446744073709552118,2025-04-02 01:42:47,1906.83
18446744073709552119,2025-04-02 02:40:47,1916.397635
18446744073709552120,2025-04-02 03:40:59,1913.74222545
18446744073709552121,2025-04-02 04:41:23,1906.0702
18446744073709552122,2025-04-02 05:41:59,1904.23707619
18446744073709552123,2025-04-02 06:10:59,1894.59
18446744073709552124,2025-04-02 06:39:59,1884.0147
18446744073709552125,2025-04-02 07:08:23,1894.66894648
18446744073709552126,2025-04-02 07:40:11,1884.48
18446744073709552127,2025-04-02 07:50:59,1874.22
18446744073709552128,2025-04-02 08:03:35,1884.27487078
18446744073709552129,2025-04-02 09:03:59,1882.23
18446744073709552130,2025-04-02 10:04:35,1878.54
18446744073709552131,2025-04-02 10:34:59,1866.74
18446744073709552132,2025-04-02 10:57:35,1855.88
18446744073709552133,2025-04-02 11:58:11,1855.13
18446744073709552134,2025-04-02 12:58:35,1859.13
18446744073709552135,2025-04-02 13:57:23,1869.15
18446744073709552136,2025-04-02 14:35:59,1881.17381616
18446744073709552137,2025-04-02 15:36:23,1880.17
18446744073709552138,2025-04-02 16:36:35,1873.53882445
18446744073709552139,2025-04-02 17:36:59,1864.6798
18446744073709552140,2025-04-02 18:37:35,1865.99739874
18446744073709552141,2025-04-02 19:16:47,1875.53
18446744073709552142,2025-04-02 19:21:59,1885.93
18446744073709552143,2025-04-02 19:30:23,1874.78894388
18446744073709552144,2025-04-02 19:41:59,1860.06833516
18446744073709552145,2025-04-02 19:47:35,1869.7379
18446744073709552146,2025-04-02 20:34:11,1881.48
18446744073709552147,2025-04-02 20:38:47,1890.9827049
18446744073709552148,2025-04-02 21:03:11,1900.685235
18446744073709552149,2025-04-02 21:04:11,1911.0395003
18446744073709552150,2025-04-02 21:22:11,1901.237371
18446744073709552151,2025-04-02 22:22:35,1906.98812793
18446744073709552152,2025-04-02 23:01:35,1893.38
18446744073709552153,2025-04-02 23:20:11,1882.8163
18446744073709552154,2025-04-02 23:25:47,1892.89614824
18446744073709552155,2025-04-03 00:09:47,1902.69211723
18446744073709552156,2025-04-03 01:10:11,1903.07
18446744073709552157,2025-04-03 01:26:47,1913.26064089
18446744073709552158,2025-04-03 01:40:11,1901.143808
18446744073709552159,2025-04-03 01:42:11,1890.69226631
18446744073709552160,2025-04-03 01:44:35,1907.3242
18446744073709552161,2025-04-03 01:45:11,1941.27
18446744073709552162,2025-04-03 01:45:59,1930.16
18446744073709552163,2025-04-03 01:47:11,1948.336898
18446744073709552164,2025-04-03 01:48:11,1936.0065
18446744073709552165,2025-04-03 01:53:11,1923.5599205
18446744073709552166,2025-04-03 01:57:23,1913.0109
18446744073709552167,2025-04-03 01:59:11,1895.86
18446744073709552168,2025-04-03 01:59:11,1885.71
18446744073709552169,2025-04-03 02:00:11,1896.0924
18446744073709552170,2025-04-03 02:07:11,1881.8151074
18446744073709552171,2025-04-03 02:12:11,1872.31026658
18446744073709552172,2025-04-03 02:20:47,1882.19986859
18446744073709552173,2025-04-03 02:36:11,1872.516023
18446744073709552174,2025-04-03 02:40:23,1859.5284
18446744073709552175,2025-04-03 03:08:47,1870.44
18446744073709552176,2025-04-03 03:27:11,1859.99999999
18446744073709552177,2025-04-03 03:35:47,1848.79501609
18446744073709552178,2025-04-03 03:42:47,1836.6178
18446744073709552179,2025-04-03 03:48:59,1823.89
18446744073709552180,2025-04-03 04:05:47,1814.50043077
18446744073709552181,2025-04-03 04:13:11,1805.26
18446744073709552182,2025-04-03 04:15:23,1794.540564
18446744073709552183,2025-04-03 04:17:47,1804.34293212
18446744073709552184,2025-04-03 04:30:47,1787.99
18446744073709552185,2025-04-03 05:00:23,1797.18
18446744073709552186,2025-04-03 05:41:47,1807.8
18446744073709552187,2025-04-03 05:52:23,1817.22
18446744073709552188,2025-04-03 06:52:47,1820.66634026
18446744073709552189,2025-04-03 07:21:23,1830.72723107
18446744073709552190,2025-04-03 07:49:59,1820.008431
18446744073709552191,2025-04-03 08:24:59,1830.37
18446744073709552192,2025-04-03 09:10:23,1821.13673904
18446744073709552193,2025-04-03 09:42:23,1830.26
18446744073709552194,2025-04-03 10:14:23,1840.26090872
18446744073709552195,2025-04-03 11:03:59,1830.38602666
18446744073709552196,2025-04-03 11:29:59,1821.169
18446744073709552197,2025-04-03 12:30:23,1817.31
18446744073709552198,2025-04-03 12:50:59,1807.2598
18446744073709552199,2025-04-03 12:55:59,1817.33802928
18446744073709552200,2025-04-03 13:56:35,1817.8901967
18446744073709552201,2025-04-03 14:57:11,1816.37870978
18446744073709552202,2025-04-03 15:51:35,1806.70945
18446744073709552203,2025-04-03 16:10:47,1796.0932
18446744073709552204,2025-04-03 17:11:11,1798.89
18446744073709552205,2025-04-03 17:58:11,1788.92
18446744073709552206,2025-04-03 18:14:35,1773.39
18446744073709552207,2025-04-03 18:17:47,1760.4952
18446744073709552208,2025-04-03 18:55:35,1769.65955864
18446744073709552209,2025-04-03 19:01:35,1781.246265
18446744073709552210,2025-04-03 19:35:35,1771.066393
18446744073709552211,2025-04-03 20:18:47,1761.45233269
18446744073709552212,2025-04-03 20:22:47,1752.32670096
18446744073709552213,2025-04-03 20:34:47,1761.16
18446744073709552214,2025-04-03 20:47:11,1769.9705715
18446744073709552215,2025-04-03 21:13:11,1779.2
18446744073709552216,2025-04-03 21:33:47,1788.9873
18446744073709552217,2025-04-03 22:06:47,1779.335687
18446744073709552218,2025-04-03 22:52:11,1769.75981735
18446744073709552219,2025-04-03 23:12:11,1779.0873
18446744073709552220,2025-04-03 23:49:23,1769.80210284
18446744073709552221,2025-04-04 00:07:35,1778.8569
18446744073709552222,2025-04-04 00:18:11,1789.25777748
18446744073709552223,2025-04-04 01:18:35,1784.1167
18446744073709552224,2025-04-04 02:19:11,1792.43
18446744073709552225,2025-04-04 02:36:47,1803.38
18446744073709552226,2025-04-04 03:29:11,1814.1423331
18446744073709552227,2025-04-04 04:29:35,1810.28691614
18446744073709552228,2025-04-04 05:19:11,1819.6234
18446744073709552229,2025-04-04 06:19:47,1811.5
18446744073709552230,2025-04-04 07:20:11,1810.2376364
18446744073709552231,2025-04-04 07:28:23,1794.85711563
18446744073709552232,2025-04-04 07:28:23,1783.961466
18446744073709552233,2025-04-04 07:29:11,1774.857176
18446744073709552234,2025-04-04 07:30:47,1785.96
18446744073709552235,2025-04-04 07:37:47,1797.04025095
18446744073709552236,2025-04-04 08:25:59,1787.48
18446744073709552237,2025-04-04 09:26:23,1793.3972
18446744073709552238,2025-04-04 09:48:47,1784.33
18446744073709552239,2025-04-04 10:45:47,1794.501836
18446744073709552240,2025-04-04 11:27:47,1804.06
18446744073709552241,2025-04-04 12:27:59,1800.78574585
18446744073709552242,2025-04-04 12:39:59,1809.9038
18446744073709552243,2025-04-04 13:19:23,1819.32
18446744073709552244,2025-04-04 13:49:59,1828.68
18446744073709552245,2025-04-04 14:50:23,1827.64392009
18446744073709552246,2025-04-04 15:40:23,1817.77623489
18446744073709552247,2025-04-04 15:47:59,1808.14658856
18446744073709552248,2025-04-04 15:52:47,1797.74
18446744073709552249,2025-04-04 16:15:59,1786.04
18446744073709552250,2025-04-04 16:52:35,1776.88
18446744073709552251,2025-04-04 16:59:35,1766.21
18446744073709552252,2025-04-04 17:05:35,1775.32
18446744073709552253,2025-04-04 18:00:35,1791.54955646
18446744073709552254,2025-04-04 18:01:35,1778.31
18446744073709552255,2025-04-04 18:02:35,1787.91579874
18446744073709552256,2025-04-04 18:07:35,1777.6277
18446744073709552257,2025-04-04 18:27:59,1786.68549561
18446744073709552258,2025-04-04 18:34:35,1797.07544568
18446744073709552259,2025-04-04 18:39:35,1786.8039035
18446744073709552260,2025-04-04 19:04:35,1774.05
18446744073709552261,2025-04-04 19:16:35,1783.85832158
18446744073709552262,2025-04-04 19:26:59,1793.1349
18446744073709552263,2025-04-04 19:29:35,1805.0192165
18446744073709552264,2025-04-04 19:32:59,1795.84
18446744073709552265,2025-04-04 19:46:47,1786.09
18446744073709552266,2025-04-04 19:51:59,1795.39853255
18446744073709552267,2025-04-04 20:01:35,1785.42278483
18446744073709552268,2025-04-04 20:16:35,1776.36513628
18446744073709552269,2025-04-04 20:23:11,1787.9319925
18446744073709552270,2025-04-04 20:32:11,1799.710256
18446744073709552271,2025-04-04 20:35:35,1810.65
18446744073709552272,2025-04-04 20:37:47,1799.69
18446744073709552273,2025-04-04 20:41:11,1808.87950543
18446744073709552274,2025-04-04 20:46:11,1818.5369085
18446744073709552275,2025-04-04 20:54:35,1808.49652669
18446744073709552276,2025-04-04 21:05:59,1799.42657494
18446744073709552277,2025-04-04 21:07:11,1792.9634
18446744073709552278,2025-04-04 21:22:23,1802.63448437
18446744073709552279,2025-04-04 21:43:11,1793.03947499
18446744073709552280,2025-04-04 21:56:35,1782.82954548
18446744073709552281,2025-04-04 22:06:35,1793.697304
18446744073709552282,2025-04-04 23:04:11,1803.25822704
18446744073709552283,2025-04-04 23:06:23,1813.79104762
18446744073709552284,2025-04-04 23:19:11,1824.56541625
18446744073709552285,2025-04-04 23:34:47,1815.38346083
18446744073709552286,2025-04-05 00:07:11,1806.26808637
18446744073709552287,2025-04-05 01:07:47,1808.15133997
18446744073709552288,2025-04-05 02:02:47,1819.14
18446744073709552289,2025-04-05 03:03:11,1817.767123
18446744073709552290,2025-04-05 04:03:23,1821.5448
18446744073709552291,2025-04-05 04:44:23,1812.4032
18446744073709552292,2025-04-05 05:44:47,1814.1936
18446744073709552293,2025-04-05 06:27:23,1823.74087026
18446744073709552294,2025-04-05 07:27:59,1819.087589
18446744073709552295,2025-04-05 08:28:23,1814.92948594
18446744073709552296,2025-04-05 09:28:59,1810.03253
18446744073709552297,2025-04-05 10:29:23,1807.82
18446744073709552298,2025-04-05 11:29:35,1810.0
18446744073709552299,2025-04-05 12:29:59,1809.0638178
18446744073709552300,2025-04-05 13:30:47,1812.562211
18446744073709552301,2025-04-05 14:30:59,1813.607461
18446744073709552302,2025-04-05 15:31:35,1820.6
18446744073709552303,2025-04-05 16:32:11,1817.55825307
18446744073709552304,2025-04-05 17:04:11,1807.66
18446744073709552305,2025-04-05 18:04:35,1801.81
18446744073709552306,2025-04-05 18:38:35,1792.46
18446744073709552307,2025-04-05 19:17:11,1783.0547091
18446744073709552308,2025-04-05 19:33:11,1793.52
18446744073709552309,2025-04-05 20:33:47,1788.41251667
18446744073709552310,2025-04-05 21:13:47,1778.40120057
18446744073709552311,2025-04-05 22:11:47,1787.2939
18446744073709552312,2025-04-05 23:12:11,1788.909784
18446744073709552313,2025-04-06 00:12:11,1791.187243
18446744073709552314,2025-04-06 01:12:23,1785.6765448
18446744073709552315,2025-04-06 02:12:23,1769.63750397
18446744073709552316,2025-04-06 02:12:47,1779.58
18446744073709552317,2025-04-06 02:14:35,1792.93578223
18446744073709552318,2025-04-06 02:21:47,1783.36867757
18446744073709552319,2025-04-06 02:53:47,1792.582326
18446744073709552320,2025-04-06 03:54:23,1791.485196
18446744073709552321,2025-04-06 04:38:47,1800.68
18446744073709552322,2025-04-06 05:39:11,1803.01
18446744073709552323,2025-04-06 06:12:11,1812.39415
18446744073709552324,2025-04-06 07:12:47,1809.20897819
18446744073709552325,2025-04-06 08:13:11,1807.1984
18446744073709552326,2025-04-06 09:13:23,1804.299972
18446744073709552327,2025-04-06 10:14:11,1806.85
18446744073709552328,2025-04-06 11:14:23,1807.62
18446744073709552329,2025-04-06 12:14:47,1804.6351
18446744073709552330,2025-04-06 12:35:11,1794.0
18446744073709552331,2025-04-06 13:35:23,1795.15
18446744073709552332,2025-04-06 13:58:59,1784.3448
18446744073709552333,2025-04-06 14:24:23,1793.26675344
18446744073709552334,2025-04-06 15:24:23,1789.97288024
18446744073709552335,2025-04-06 16:24:59,1789.2598
18446744073709552336,2025-04-06 17:25:35,1789.03716514
18446744073709552337,2025-04-06 18:24:59,1778.75277442
18446744073709552338,2025-04-06 18:55:11,1769.6197
18446744073709552339,2025-04-06 19:16:35,1755.66487531
18446744073709552340,2025-04-06 19:23:47,1746.1338
18446744073709552341,2025-04-06 19:39:11,1754.88
18446744073709552342,2025-04-06 20:17:35,1765.462108
18446744073709552343,2025-04-06 21:18:11,1762.6452
18446744073709552344,2025-04-06 21:39:35,1753.76018517
18446744073709552345,2025-04-06 22:16:47,1742.5301
18446744073709552346,2025-04-06 22:29:47,1725.8578
18446744073709552347,2025-04-06 22:54:47,1716.84
18446744073709552348,2025-04-06 22:58:11,1697.22113317
18446744073709552349,2025-04-06 23:12:59,1677.284923
18446744073709552350,2025-04-06 23:17:35,1691.49597971
18446744073709552351,2025-04-06 23:18:47,1696.19986383
18446744073709552352,2025-04-06 23:23:11,1686.38755401
18446744073709552353,2025-04-06 23:32:47,1677.54
18446744073709552354,2025-04-06 23:38:59,1664.11982396
18446744073709552355,2025-04-06 23:42:11,1676.86102886
18446744073709552356,2025-04-06 23:45:59,1666.6884845
18446744073709552357,2025-04-06 23:48:47,1657.57
18446744073709552358,2025-04-06 23:50:47,1646.32757633
18446744073709552359,2025-04-06 23:52:35,1627.532049
18446744073709552360,2025-04-06 23:53:11,1640.1679043
18446744073709552361,2025-04-06 23:54:11,1655.328037
18446744073709552362,2025-04-06 23:54:47,1646.61
18446744073709552363,2025-04-06 23:58:47,1632.89
18446744073709552364,2025-04-07 00:06:11,1642.04589341
18446744073709552365,2025-04-07 00:07:11,1632.46
18446744073709552366,2025-04-07 00:15:11,1623.38892632
18446744073709552367,2025-04-07 00:16:11,1631.64460638
18446744073709552368,2025-04-07 00:18:11,1612.4244
18446744073709552369,2025-04-07 00:21:35,1603.6335385
18446744073709552370,2025-04-07 00:22:11,1612.1931
18446744073709552371,2025-04-07 00:22:47,1603.39
18446744073709552372,2025-04-07 00:25:11,1614.06
18446744073709552373,2025-04-07 00:25:59,1622.68
18446744073709552374,2025-04-07 00:31:47,1631.94427549
18446744073709552375,2025-04-07 00:35:11,1622.15
18446744073709552376,2025-04-07 00:39:47,1611.63
18446744073709552377,2025-04-07 00:42:11,1620.85
18446744073709552378,2025-04-07 00:46:47,1629.59560464
18446744073709552379,2025-04-07 00:53:47,1617.91
18446744073709552380,2025-04-07 01:25:59,1626.1858488
18446744073709552381,2025-04-07 01:45:35,1617.61198179
18446744073709552382,2025-04-07 02:04:35,1607.4
18446744073709552383,2025-04-07 02:05:11,1589.0
18446744073709552384,2025-04-07 02:08:23,1578.85
18446744073709552385,2025-04-07 02:09:59,1590.82
18446744073709552386,2025-04-07 02:18:11,1581.78689152
18446744073709552387,2025-04-07 02:23:59,1572.9
18446744073709552388,2025-04-07 02:31:59,1582.39
18446744073709552389,2025-04-07 02:45:59,1592.14
18446744073709552390,2025-04-07 03:31:11,1579.73164
18446744073709552391,2025-04-07 03:31:47,1571.66
18446744073709552392,2025-04-07 03:32:35,1581.38197895
18446744073709552393,2025-04-07 03:34:47,1591.26534988
18446744073709552394,2025-04-07 03:41:11,1600.0333
18446744073709552395,2025-04-07 03:49:35,1590.86
18446744073709552396,2025-04-07 04:07:35,1582.83
18446744073709552397,2025-04-07 04:18:35,1574.21
18446744073709552398,2025-04-07 04:34:11,1562.18
18446744073709552399,2025-04-07 04:37:35,1571.48294825
18446744073709552400,2025-04-07 04:39:11,1562.6588
18446744073709552401,2025-04-07 04:40:47,1552.6168
18446744073709552402,2025-04-07 04:43:11,1564.29
18446744073709552403,2025-04-07 04:47:35,1554.33888896
18446744073709552404,2025-04-07 04:48:35,1546.50514036
18446744073709552405,2025-04-07 04:56:47,1554.64
18446744073709552406,2025-04-07 05:04:35,1564.21
18446744073709552407,2025-04-07 05:09:35,1573.8166445
18446744073709552408,2025-04-07 05:16:35,1582.75
18446744073709552409,2025-04-07 05:21:35,1574.1623657
18446744073709552410,2025-04-07 05:31:35,1582.91650692
18446744073709552411,2025-04-07 05:42:11,1573.32
18446744073709552412,2025-04-07 06:13:35,1565.40473678
18446744073709552413,2025-04-07 06:20:11,1557.38669417
18446744073709552414,2025-04-07 06:27:35,1567.319866
18446744073709552415,2025-04-07 06:30:35,1577.5033
18446744073709552416,2025-04-07 06:44:35,1586.590207
18446744073709552417,2025-04-07 06:49:11,1596.77
18446744073709552418,2025-04-07 06:50:47,1605.26
18446744073709552419,2025-04-07 07:09:11,1595.77189192
18446744073709552420,2025-04-07 07:55:11,1586.7876607
18446744073709552421,2025-04-07 08:08:11,1576.70818046
18446744073709552422,2025-04-07 08:21:47,1585.20940244
18446744073709552423,2025-04-07 08:26:47,1575.368662
18446744073709552424,2025-04-07 08:50:11,1566.78785603
18446744073709552425,2025-04-07 09:05:59,1557.16147233
18446744073709552426,2025-04-07 09:08:47,1545.8873
18446744073709552427,2025-04-07 09:14:47,1529.63
18446744073709552428,2025-04-07 09:18:47,1537.53855685
18446744073709552429,2025-04-07 09:31:11,1546.38155691
18446744073709552430,2025-04-07 09:40:47,1535.42
18446744073709552431,2025-04-07 09:45:47,1543.28267886
18446744073709552432,2025-04-07 09:51:11,1551.99459309
18446744073709552433,2025-04-07 10:06:59,1543.38663295
18446744073709552434,2025-04-07 10:30:59,1553.46
18446744073709552435,2025-04-07 10:32:47,1543.97
18446744073709552436,2025-04-07 10:41:47,1554.2
18446744073709552437,2025-04-07 10:47:47,1544.77669081
18446744073709552438,2025-04-07 10:49:47,1554.8
18446744073709552439,2025-04-07 11:05:23,1545.73302565
18446744073709552440,2025-04-07 11:19:23,1537.66408222
18446744073709552441,2025-04-07 11:31:47,1546.65
18446744073709552442,2025-04-07 11:46:23,1538.78
18446744073709552443,2025-04-07 11:47:47,1525.287433
18446744073709552444,2025-04-07 11:50:11,1516.3541
18446744073709552445,2025-04-07 11:57:35,1506.73
18446744073709552446,2025-04-07 12:04:47,1493.02
18446744073709552447,2025-04-07 12:06:23,1484.16
18446744073709552448,2025-04-07 12:14:47,1470.6
18446744073709552449,2025-04-07 12:16:59,1461.17914838
18446744073709552450,2025-04-07 12:17:59,1436.52562884
18446744073709552451,2025-04-07 12:18:11,1449.27
18446744073709552452,2025-04-07 12:19:23,1459.47
18446744073709552453,2025-04-07 12:23:35,1451.9
18446744073709552454,2025-04-07 12:23:47,1444.2383
18446744073709552455,2025-04-07 12:25:35,1427.68
18446744073709552456,2025-04-07 12:27:11,1420.48381548
18446744073709552457,2025-04-07 12:28:47,1437.8266208
18446744073709552458,2025-04-07 12:29:47,1429.89
18446744073709552459,2025-04-07 12:32:23,1437.15
18446744073709552460,2025-04-07 12:35:59,1446.76
18446744073709552461,2025-04-07 12:49:23,1455.93
18446744073709552462,2025-04-07 13:00:47,1445.313
18446744073709552463,2025-04-07 13:07:47,1452.74
18446744073709552464,2025-04-07 13:10:23,1462.41
18446744073709552465,2025-04-07 13:11:47,1474.83
18446744073709552466,2025-04-07 13:13:47,1467.35
18446744073709552467,2025-04-07 13:20:47,1457.3
18446744073709552468,2025-04-07 13:32:47,1465.99
18446744073709552469,2025-04-07 13:47:47,1474.58
18446744073709552470,2025-04-07 13:50:47,1487.074313
18446744073709552471,2025-04-07 14:05:59,1495.16327767
18446744073709552472,2025-04-07 14:06:23,1502.746447
18446744073709552473,2025-04-07 14:10:23,1495.15101837
18446744073709552474,2025-04-07 14:13:47,1503.86587129
18446744073709552475,2025-04-07 14:17:47,1508.0484236
18446744073709552476,2025-04-07 14:20:23,1500.23483507
18446744073709552477,2025-04-07 14:36:47,1489.2391
18446744073709552478,2025-04-07 14:46:47,1481.1564
18446744073709552479,2025-04-07 14:56:59,1492.031898
18446744073709552480,2025-04-07 15:10:59,1500.238597
18446744073709552481,2025-04-07 15:24:23,1492.64
18446744073709552482,2025-04-07 15:28:59,1481.55536886
18446744073709552483,2025-04-07 15:32:59,1489.05888487
18446744073709552484,2025-04-07 15:40:59,1496.72
18446744073709552485,2025-04-07 15:45:59,1504.39836011
18446744073709552486,2025-04-07 15:47:23,1514.84
18446744073709552487,2025-04-07 15:55:23,1507.15547861
18446744073709552488,2025-04-07 16:05:59,1499.480345
18446744073709552489,2025-04-07 16:24:23,1491.41744191
18446744073709552490,2025-04-07 16:36:11,1499.069054
18446744073709552491,2025-04-07 16:47:11,1491.11648922
18446744073709552492,2025-04-07 16:52:11,1498.94
18446744073709552493,2025-04-07 16:56:11,1490.81
18446744073709552494,2025-04-07 17:04:47,1481.03
18446744073709552495,2025-04-07 17:55:23,1489.52784749
18446744073709552496,2025-04-07 17:56:59,1510.84035338
18446744073709552497,2025-04-07 17:57:47,1502.5682
18446744073709552498,2025-04-07 17:59:35,1510.90098706
18446744073709552499,2025-04-07 18:01:35,1520.35
18446744073709552500,2025-04-07 18:05:11,1512.503
18446744073709552501,2025-04-07 18:13:11,1503.94657697
18446744073709552502,2025-04-07 18:19:47,1513.878373
18446744073709552503,2025-04-07 18:25:47,1521.61
18446744073709552504,2025-04-07 18:37:47,1510.53236924
18446744073709552505,2025-04-07 18:59:23,1501.77
18446744073709552506,2025-04-07 19:02:35,1510.02234162
18446744073709552507,2025-04-07 19:05:47,1501.10182611
18446744073709552508,2025-04-07 19:12:47,1492.73025962
18446744073709552509,2025-04-07 19:17:35,1503.81471778
18446744073709552510,2025-04-07 19:17:47,1514.38632
18446744073709552511,2025-04-07 19:22:35,1539.56778531
18446744073709552512,2025-04-07 19:27:23,1548.59218369
18446744073709552513,2025-04-07 19:34:11,1539.42693592
18446744073709552514,2025-04-07 19:34:47,1548.80210324
18446744073709552515,2025-04-07 19:40:47,1564.49794002
18446744073709552516,2025-04-07 19:42:35,1580.9127
18446744073709552517,2025-04-07 19:43:59,1593.33798233
18446744073709552518,2025-04-07 19:44:47,1584.51244357
18446744073709552519,2025-04-07 19:45:47,1593.49
18446744073709552520,2025-04-07 19:46:47,1603.37
18446744073709552521,2025-04-07 19:47:59,1621.16588037
18446744073709552522,2025-04-07 19:48:59,1611.50269507
18446744073709552523,2025-04-07 19:50:11,1600.4574
18446744073709552524,2025-04-07 19:51:23,1590.0992
18446744073709552525,2025-04-07 19:52:47,1579.71
18446744073709552526,2025-04-07 19:54:47,1564.73173887
18446744073709552527,2025-04-07 19:55:47,1574.32700723
18446744073709552528,2025-04-07 19:57:23,1583.1
18446744073709552529,2025-04-07 19:57:47,1575.01093724
18446744073709552530,2025-04-07 19:58:59,1561.89
18446744073709552531,2025-04-07 20:02:23,1571.519064
18446744073709552532,2025-04-07 20:04:23,1583.29340081
18446744073709552533,2025-04-07 20:04:47,1568.13995156
18446744073709552534,2025-04-07 20:05:35,1558.1246
18446744073709552535,2025-04-07 20:06:47,1548.7846559
18446744073709552536,2025-04-07 20:07:47,1557.4769
18446744073709552537,2025-04-07 20:10:23,1549.0434
18446744073709552538,2025-04-07 20:13:23,1559.18
18446744073709552539,2025-04-07 20:16:23,1568.61157836
18446744073709552540,2025-04-07 20:17:23,1558.85
18446744073709552541,2025-04-07 20:20:47,1568.03
18446744073709552542,2025-04-07 20:25:23,1577.57555404
18446744073709552543,2025-04-07 20:26:47,1568.02
18446744073709552544,2025-04-07 20:34:23,1576.31
18446744073709552545,2025-04-07 20:35:47,1563.544491
18446744073709552546,2025-04-07 20:39:47,1555.599
18446744073709552547,2025-04-07 20:43:47,1568.48
18446744073709552548,2025-04-07 20:45:23,1549.12482684
18446744073709552549,2025-04-07 20:45:59,1538.4283
18446744073709552550,2025-04-07 20:48:23,1550.85920278
18446744073709552551,2025-04-07 20:57:23,1541.16011929
18446744073709552552,2025-04-07 21:02:23,1549.62
18446744073709552553,2025-04-07 21:06:47,1560.82
18446744073709552554,2025-04-07 21:30:47,1552.55730111
18446744073709552555,2025-04-07 21:36:47,1544.31
18446744073709552556,2025-04-07 21:52:35,1535.0825439
18446744073709552557,2025-04-07 21:56:23,1545.06
18446744073709552558,2025-04-07 22:02:23,1555.37
18446744073709552559,2025-04-07 22:09:23,1547.40687667
18446744073709552560,2025-04-07 22:12:59,1537.98195648
18446744073709552561,2025-04-07 22:27:23,1529.862287
18446744073709552562,2025-04-07 22:30:59,1548.38
18446744073709552563,2025-04-07 22:34:59,1539.424
18446744073709552564,2025-04-07 22:43:47,1548.544495
18446744073709552565,2025-04-07 22:59:59,1557.88713185
18446744073709552566,2025-04-07 23:13:59,1567.03010257
18446744073709552567,2025-04-07 23:22:59,1559.053
18446744073709552568,2025-04-07 23:48:59,1568.63
18446744073709552569,2025-04-07 23:56:23,1558.2253834
18446744073709552570,2025-04-08 00:00:59,1549.22
18446744073709552571,2025-04-08 00:07:35,1557.19
18446744073709552572,2025-04-08 00:11:59,1567.2441
18446744073709552573,2025-04-08 00:15:35,1559.28
18446744073709552574,2025-04-08 00:25:23,1550.63576838
18446744073709552575,2025-04-08 01:03:23,1558.42114517
18446744073709552576,2025-04-08 01:11:23,1548.69728939
18446744073709552577,2025-04-08 01:41:35,1556.83779257
18446744073709552578,2025-04-08 01:52:59,1564.64
18446744073709552579,2025-04-08 02:04:35,1575.384
18446744073709552580,2025-04-08 02:28:23,1567.30942513
18446744073709552581,2025-04-08 02:37:59,1558.92261756
18446744073709552582,2025-04-08 02:45:35,1567.3161
18446744073709552583,2025-04-08 02:57:59,1559.0029693
18446744073709552584,2025-04-08 03:21:59,1566.95
18446744073709552585,2025-04-08 03:26:35,1574.7955
18446744073709552586,2025-04-08 03:33:35,1565.48
18446744073709552587,2025-04-08 03:41:59,1574.1029
18446744073709552588,2025-04-08 04:12:35,1582.1738535
18446744073709552589,2025-04-08 04:44:59,1574.21
18446744073709552590,2025-04-08 04:51:59,1566.04328164
18446744073709552591,2025-04-08 05:12:35,1556.74505685
18446744073709552592,2025-04-08 06:00:59,1548.91156642
18446744073709552593,2025-04-08 06:11:59,1557.23717822
18446744073709552594,2025-04-08 06:28:11,1547.79948046
18446744073709552595,2025-04-08 06:53:11,1557.64
18446744073709552596,2025-04-08 06:59:35,1567.38
18446744073709552597,2025-04-08 07:07:23,1576.712776
18446744073709552598,2025-04-08 07:21:11,1586.47
18446744073709552599,2025-04-08 07:37:35,1597.26
18446744073709552600,2025-04-08 07:41:11,1605.69707073
18446744073709552601,2025-04-08 07:43:11,1616.24
18446744073709552602,2025-04-08 07:47:11,1605.49874586
18446744073709552603,2025-04-08 08:01:11,1597.4133
18446744073709552604,2025-04-08 08:16:35,1588.96244166
18446744073709552605,2025-04-08 09:17:11,1582.68576765
18446744073709552606,2025-04-08 09:49:35,1591.170629
18446744073709552607,2025-04-08 10:13:11,1599.23935718
18446744073709552608,2025-04-08 10:39:11,1591.21063554
18446744073709552609,2025-04-08 10:53:35,1582.65789999
18446744073709552610,2025-04-08 11:27:47,1590.5852
18446744073709552611,2025-04-08 11:34:11,1582.2349
18446744073709552612,2025-04-08 12:34:47,1576.08
18446744073709552613,2025-04-08 12:50:11,1567.8981955
18446744073709552614,2025-04-08 13:43:11,1559.19781751
18446744073709552615,2025-04-08 14:31:11,1567.15
18446744073709552616,2025-04-08 15:12:47,1575.31
18446744073709552617,2025-04-08 15:29:47,1567.34
18446744073709552618,2025-04-08 16:30:23,1566.40180494
18446744073709552619,2025-04-08 17:01:23,1576.60954248
18446744073709552620,2025-04-08 17:13:47,1584.65
18446744073709552621,2025-04-08 17:52:23,1575.965324
18446744073709552622,2025-04-08 18:19:23,1567.99406411
18446744073709552623,2025-04-08 18:39:59,1575.91
18446744073709552624,2025-04-08 19:00:59,1585.6043
18446744073709552625,2025-04-08 19:01:59,1576.28453507
18446744073709552626,2025-04-08 19:07:47,1564.910365
18446744073709552627,2025-04-08 19:07:59,1555.138777
18446744073709552628,2025-04-08 19:12:59,1563.14677695
18446744073709552629,2025-04-08 19:16:59,1573.6619
18446744073709552630,2025-04-08 19:19:23,1562.15155549
18446744073709552631,2025-04-08 19:29:59,1569.97210952
18446744073709552632,2025-04-08 19:35:59,1582.0205
18446744073709552633,2025-04-08 19:37:59,1571.94528685
18446744073709552634,2025-04-08 19:54:23,1563.26
18446744073709552635,2025-04-08 20:00:59,1553.13
18446744073709552636,2025-04-08 20:05:23,1561.34886386
18446744073709552637,2025-04-08 20:13:23,1551.36
18446744073709552638,2025-04-08 20:20:59,1539.74
18446744073709552639,2025-04-08 20:27:59,1531.33141539
18446744073709552640,2025-04-08 20:43:59,1522.98
18446744073709552641,2025-04-08 21:02:59,1531.64647864
18446744073709552642,2025-04-08 21:44:59,1523.37
18446744073709552643,2025-04-08 21:53:11,1515.08
18446744073709552644,2025-04-08 22:07:59,1505.29831384
18446744073709552645,2025-04-08 22:08:59,1497.70117183
18446744073709552646,2025-04-08 22:10:59,1489.38751401
18446744073709552647,2025-04-08 22:15:59,1497.50842256
18446744073709552648,2025-04-08 22:24:59,1489.14803233
18446744073709552649,2025-04-08 22:31:35,1480.70382846
18446744073709552650,2025-04-08 22:41:59,1472.59
18446744073709552651,2025-04-08 22:52:59,1462.24
18446744073709552652,2025-04-08 22:56:59,1454.75524657
18446744073709552653,2025-04-08 22:59:35,1463.237062
18446744073709552654,2025-04-08 23:05:59,1474.8011295
18446744073709552655,2025-04-08 23:06:59,1465.41158733
18446744073709552656,2025-04-08 23:10:35,1474.19418625
18446744073709552657,2025-04-08 23:23:35,1481.8617
18446744073709552658,2025-04-08 23:38:59,1473.56291487
18446744073709552659,2025-04-08 23:47:35,1481.4665
18446744073709552660,2025-04-09 00:00:35,1496.77268402
18446744073709552661,2025-04-09 00:01:59,1487.63
18446744073709552662,2025-04-09 00:10:35,1479.03194166
18446744073709552663,2025-04-09 00:34:47,1470.95564256
18446744073709552664,2025-04-09 00:43:23,1461.578147
18446744073709552665,2025-04-09 00:58:23,1469.4969
18446744073709552666,2025-04-09 01:03:47,1461.52
18446744073709552667,2025-04-09 01:24:47,1472.43
18446744073709552668,2025-04-09 01:29:47,1463.3384
18446744073709552669,2025-04-09 01:46:23,1470.838542
18446744073709552670,2025-04-09 01:55:23,1463.461226
18446744073709552671,2025-04-09 02:02:47,1471.2700183
18446744073709552672,2025-04-09 02:13:47,1479.5324
18446744073709552673,2025-04-09 02:41:23,1471.75291674
18446744073709552674,2025-04-09 03:00:59,1463.87112292
18446744073709552675,2025-04-09 03:03:59,1471.78
18446744073709552676,2025-04-09 03:34:23,1464.27
18446744073709552677,2025-04-09 03:51:23,1451.58563
18446744073709552678,2025-04-09 03:55:47,1459.5716
18446744073709552679,2025-04-09 04:03:59,1451.52
18446744073709552680,2025-04-09 04:21:59,1459.0
18446744073709552681,2025-04-09 04:26:59,1467.066572
18446744073709552682,2025-04-09 05:07:59,1474.54
18446744073709552683,2025-04-09 05:35:35,1466.2059
18446744073709552684,2025-04-09 05:40:59,1475.92053067
18446744073709552685,2025-04-09 06:09:23,1468.4535558
18446744073709552686,2025-04-09 06:36:59,1459.077151
18446744073709552687,2025-04-09 06:39:59,1449.27
18446744073709552688,2025-04-09 06:41:35,1441.78504
18446744073709552689,2025-04-09 06:43:11,1433.29
18446744073709552690,2025-04-09 06:45:35,1425.63
18446744073709552691,2025-04-09 06:48:59,1418.46375715
18446744073709552692,2025-04-09 06:52:11,1407.97
18446744073709552693,2025-04-09 06:57:35,1394.61
18446744073709552694,2025-04-09 07:02:35,1406.0
18446744073709552695,2025-04-09 07:05:35,1414.66780753
18446744073709552696,2025-04-09 07:07:59,1422.00445392
18446744073709552697,2025-04-09 07:09:35,1429.12
18446744073709552698,2025-04-09 07:11:59,1418.28
18446744073709552699,2025-04-09 07:16:35,1429.87696128
18446744073709552700,2025-04-09 07:30:59,1439.54230215
18446744073709552701,2025-04-09 07:38:47,1448.56
18446744073709552702,2025-04-09 07:52:59,1439.97
18446744073709552703,2025-04-09 07:58:35,1432.40523497
18446744073709552704,2025-04-09 08:00:59,1439.64
18446744073709552705,2025-04-09 08:12:11,1430.46
18446744073709552706,2025-04-09 08:20:35,1423.24
18446744073709552707,2025-04-09 08:28:35,1415.45
18446744073709552708,2025-04-09 08:32:59,1424.2917
18446744073709552709,2025-04-09 08:34:59,1416.69
18446744073709552710,2025-04-09 08:48:35,1424.8577
18446744073709552711,2025-04-09 08:55:35,1417.44
18446744073709552712,2025-04-09 09:12:59,1410.13
18446744073709552713,2025-04-09 09:18:59,1417.47514972
18446744073709552714,2025-04-09 09:32:35,1430.84093592
18446744073709552715,2025-04-09 09:37:59,1423.53
18446744073709552716,2025-04-09 09:42:59,1432.82
18446744073709552717,2025-04-09 09:46:23,1440.14412899
18446744073709552718,2025-04-09 09:49:35,1432.49038551
18446744073709552719,2025-04-09 09:56:59,1424.34
18446744073709552720,2025-04-09 10:02:59,1432.07396672
18446744073709552721,2025-04-09 10:06:35,1439.8
18446744073709552722,2025-04-09 10:17:35,1448.56
18446744073709552723,2025-04-09 10:23:35,1440.36
18446744073709552724,2025-04-09 10:39:35,1448.077129
18446744073709552725,2025-04-09 10:57:47,1458.33128748
18446744073709552726,2025-04-09 11:38:35,1465.64
18446744073709552727,2025-04-09 11:45:11,1473.77119364
18446744073709552728,2025-04-09 11:50:35,1465.19
18446744073709552729,2025-04-09 12:33:47,1472.74009468
18446744073709552730,2025-04-09 13:03:11,1482.48
18446744073709552731,2025-04-09 13:14:35,1489.95811501
18446744073709552732,2025-04-09 13:19:11,1482.113672
18446744073709552733,2025-04-09 13:37:11,1474.25541852
18446744073709552734,2025-04-09 13:54:35,1481.98
18446744073709552735,2025-04-09 14:03:23,1474.12
18446744073709552736,2025-04-09 14:27:11,1481.793479
18446744073709552737,2025-04-09 14:55:47,1474.05
18446744073709552738,2025-04-09 15:44:47,1481.79378359
18446744073709552739,2025-04-09 16:04:47,1473.6
18446744073709552740,2025-04-09 16:19:11,1481.3625
18446744073709552741,2025-04-09 16:25:47,1489.46859783
18446744073709552742,2025-04-09 16:30:59,1481.7656
18446744073709552743,2025-04-09 16:31:47,1468.5218306
18446744073709552744,2025-04-09 16:33:23,1460.43111712
18446744073709552745,2025-04-09 16:35:59,1452.89139971
18446744073709552746,2025-04-09 16:38:47,1460.4987
18446744073709552747,2025-04-09 16:40:11,1452.94
18446744073709552748,2025-04-09 16:43:47,1461.523678
18446744073709552749,2025-04-09 16:54:11,1453.69
18446744073709552750,2025-04-09 16:57:47,1463.1
18446744073709552751,2025-04-09 17:02:47,1453.023086
18446744073709552752,2025-04-09 17:18:47,1463.5301
18446744073709552753,2025-04-09 17:19:11,1456.02
18446744073709552754,2025-04-09 17:55:11,1447.62
18446744073709552755,2025-04-09 18:16:47,1455.416473
18446744073709552756,2025-04-09 18:22:47,1463.12
18446744073709552757,2025-04-09 18:56:59,1455.10017457
18446744073709552758,2025-04-09 19:02:11,1464.54077924
18446744073709552759,2025-04-09 19:03:23,1485.46
18446744073709552760,2025-04-09 19:04:47,1475.90489026
18446744073709552761,2025-04-09 19:07:59,1467.26
18446744073709552762,2025-04-09 19:09:47,1479.24
18446744073709552763,2025-04-09 19:11:47,1488.5777
18446744073709552764,2025-04-09 19:14:23,1478.4231236
18446744073709552765,2025-04-09 19:20:47,1487.61
18446744073709552766,2025-04-09 19:31:59,1495.7
18446744073709552767,2025-04-09 19:35:47,1488.16
18446744073709552768,2025-04-09 19:36:47,1480.0246
18446744073709552769,2025-04-09 19:53:47,1489.01
18446744073709552770,2025-04-09 20:10:47,1480.86
18446744073709552771,2025-04-09 20:28:47,1473.12
18446744073709552772,2025-04-09 20:37:23,1480.77
18446744073709552773,2025-04-09 20:46:23,1488.62
18446744073709552774,2025-04-09 21:10:23,1480.3107369
18446744073709552775,2025-04-09 21:17:59,1488.1599
18446744073709552776,2025-04-09 21:47:47,1495.99
18446744073709552777,2025-04-09 22:00:23,1488.4478
18446744073709552778,2025-04-09 22:03:47,1497.84
18446744073709552779,2025-04-09 22:05:47,1505.66
18446744073709552780,2025-04-09 22:08:47,1497.74
18446744073709552781,2025-04-09 22:32:23,1511.395076
18446744073709552782,2025-04-09 22:40:59,1500.006629
18446744073709552783,2025-04-09 22:50:11,1488.16
18446744073709552784,2025-04-09 22:50:11,1509.90565894
18446744073709552785,2025-04-09 22:51:23,1533.32
18446744073709552786,2025-04-09 22:54:23,1543.15645432
18446744073709552787,2025-04-09 22:54:59,1566.472507
18446744073709552788,2025-04-09 22:57:11,1581.034093
18446744073709552789,2025-04-09 22:58:59,1571.2211
18446744073709552790,2025-04-09 23:01:23,1582.68
18446744073709552791,2025-04-09 23:02:11,1591.99114613
18446744073709552792,2025-04-09 23:02:59,1582.8040383
18446744073709552793,2025-04-09 23:04:35,1591.03
18446744073709552794,2025-04-09 23:14:59,1579.98485387
18446744073709552795,2025-04-09 23:16:59,1590.74
18446744073709552796,2025-04-09 23:18:59,1600.65749837
18446744073709552797,2025-04-09 23:28:11,1613.032735
18446744073709552798,2025-04-09 23:28:35,1622.093986
18446744073709552799,2025-04-09 23:29:35,1634.59
18446744073709552800,2025-04-09 23:31:59,1624.3845
18446744073709552801,2025-04-09 23:44:11,1634.4805
18446744073709552802,2025-04-09 23:44:35,1646.05
18446744073709552803,2025-04-09 23:44:59,1666.658107
18446744073709552804,2025-04-09 23:47:23,1655.6746
18446744073709552805,2025-04-09 23:49:23,1664.46528546
18446744073709552806,2025-04-10 00:04:23,1653.64
18446744073709552807,2025-04-10 00:13:23,1643.34935359
18446744073709552808,2025-04-10 00:26:23,1632.45
18446744073709552809,2025-04-10 00:50:59,1641.62772225
18446744073709552810,2025-04-10 01:50:59,1652.46260819
18446744073709552811,2025-04-10 02:23:59,1662.83
18446744073709552812,2025-04-10 02:29:59,1675.89
18446744073709552813,2025-04-10 02:35:59,1667.5034295
18446744073709552814,2025-04-10 02:40:59,1676.248666
18446744073709552815,2025-04-10 02:56:23,1685.9394
18446744073709552816,2025-04-10 03:01:35,1675.23
18446744073709552817,2025-04-10 03:03:59,1665.8024
18446744073709552818,2025-04-10 03:18:47,1675.37
18446744073709552819,2025-04-10 03:36:35,1666.23
18446744073709552820,2025-04-10 03:40:59,1675.8858
18446744073709552821,2025-04-10 04:33:35,1666.65
18446744073709552822,2025-04-10 04:46:59,1656.98
18446744073709552823,2025-04-10 05:13:35,1665.34
18446744073709552824,2025-04-10 05:47:35,1656.79
18446744073709552825,2025-04-10 06:04:11,1648.4252
18446744073709552826,2025-04-10 06:12:11,1636.44
18446744073709552827,2025-04-10 06:26:59,1645.33
18446744073709552828,2025-04-10 07:00:23,1636.79
18446744073709552829,2025-04-10 07:54:59,1645.42
18446744073709552830,2025-04-10 08:16:23,1634.70254011
18446744073709552831,2025-04-10 08:43:11,1623.19
18446744073709552832,2025-04-10 08:48:23,1614.92827977
18446744073709552833,2025-04-10 08:51:11,1606.25990494
18446744073709552834,2025-04-10 09:10:23,1614.65238164
18446744073709552835,2025-04-10 10:04:59,1605.725355
18446744073709552836,2025-04-10 10:09:59,1614.08440229
18446744073709552837,2025-04-10 10:44:35,1622.59
18446744073709552838,2025-04-10 11:20:59,1614.47184286
18446744073709552839,2025-04-10 12:21:35,1612.01731097
18446744073709552840,2025-04-10 13:01:11,1599.12
18446744073709552841,2025-04-10 13:01:59,1588.62
18446744073709552842,2025-04-10 13:19:59,1597.55560065
18446744073709552843,2025-04-10 14:02:35,1588.46734083
18446744073709552844,2025-04-10 14:48:11,1596.9
18446744073709552845,2025-04-10 15:26:35,1605.896664
18446744073709552846,2025-04-10 15:48:35,1597.781
18446744073709552847,2025-04-10 16:16:11,1589.37
18446744073709552848,2025-04-10 17:16:35,1590.84
18446744073709552849,2025-04-10 17:34:35,1607.61
18446744073709552850,2025-04-10 17:35:11,1597.616736
18446744073709552851,2025-04-10 17:38:11,1587.9444
18446744073709552852,2025-04-10 17:48:35,1596.635987
18446744073709552853,2025-04-10 17:59:23,1605.842044
18446744073709552854,2025-04-10 17:59:59,1615.9982
18446744073709552855,2025-04-10 18:03:11,1607.4702
18446744073709552856,2025-04-10 18:05:59,1598.565384
18446744073709552857,2025-04-10 18:19:23,1590.4732368
18446744073709552858,2025-04-10 18:21:23,1582.1664
18446744073709552859,2025-04-10 18:24:59,1591.322
18446744073709552860,2025-04-10 18:46:23,1582.94
18446744073709552861,2025-04-10 18:49:59,1592.3406
18446744073709552862,2025-04-10 19:01:59,1584.24
18446744073709552863,2025-04-10 19:02:35,1574.7
18446744073709552864,2025-04-10 19:08:35,1566.56
18446744073709552865,2025-04-10 19:18:59,1575.28805799
18446744073709552866,2025-04-10 19:31:11,1566.7799508
18446744073709552867,2025-04-10 19:42:11,1556.6699561
18446744073709552868,2025-04-10 19:45:59,1566.7190011
18446744073709552869,2025-04-10 20:02:23,1574.8662967
18446744073709552870,2025-04-10 20:26:47,1566.9458
18446744073709552871,2025-04-10 20:35:47,1558.44306689
18446744073709552872,2025-04-10 20:44:47,1546.3490947
18446744073709552873,2025-04-10 20:46:23,1536.53324028
18446744073709552874,2025-04-10 21:00:35,1526.69116624
18446744073709552875,2025-04-10 21:02:23,1518.79
18446744073709552876,2025-04-10 21:07:23,1511.1795
18446744073709552877,2025-04-10 21:08:23,1501.58445661
18446744073709552878,2025-04-10 21:18:47,1491.44069732
18446744073709552879,2025-04-10 21:24:23,1501.53283778
18446744073709552880,2025-04-10 21:28:47,1492.18120358
18446744073709552881,2025-04-10 21:37:47,1501.16298023
18446744073709552882,2025-04-10 21:46:47,1490.74373697
18446744073709552883,2025-04-10 21:51:59,1480.5851392
18446744073709552884,2025-04-10 21:55:23,1491.2165
18446744073709552885,2025-04-10 21:57:47,1483.13
18446744073709552886,2025-04-10 22:01:23,1493.79885523
18446744073709552887,2025-04-10 22:03:47,1503.143075
18446744073709552888,2025-04-10 22:22:47,1511.17
18446744073709552889,2025-04-10 22:35:47,1502.40557932
18446744073709552890,2025-04-10 22:39:47,1494.5897
18446744073709552891,2025-04-10 22:51:47,1486.98919298
18446744073709552892,2025-04-10 22:54:23,1495.226997
18446744073709552893,2025-04-10 23:04:23,1503.268056
18446744073709552894,2025-04-10 23:26:35,1510.81425524
18446744073709552895,2025-04-10 23:56:47,1519.5072
18446744073709552896,2025-04-11 00:56:59,1517.29
18446744073709552897,2025-04-11 01:26:59,1528.0472
18446744073709552898,2025-04-11 01:30:11,1516.58
18446744073709552899,2025-04-11 02:06:59,1524.67
18446744073709552900,2025-04-11 02:40:59,1532.47124662
18446744073709552901,2025-04-11 02:47:23,1524.16
18446744073709552902,2025-04-11 03:47:59,1529.98809256
18446744073709552903,2025-04-11 04:31:59,1521.51
18446744073709552904,2025-04-11 05:32:35,1518.72319107
18446744073709552905,2025-04-11 05:42:59,1526.36170381
18446744073709552906,2025-04-11 06:03:35,1517.24705678
18446744073709552907,2025-04-11 06:26:47,1509.537847
18446744073709552908,2025-04-11 06:41:11,1517.11152541
18446744073709552909,2025-04-11 06:46:59,1525.0603
18446744073709552910,2025-04-11 07:03:11,1536.957341
18446744073709552911,2025-04-11 07:04:11,1545.51
18446744073709552912,2025-04-11 07:05:35,1536.215703
18446744073709552913,2025-04-11 07:22:35,1544.22181013
18446744073709552914,2025-04-11 07:34:11,1535.27
18446744073709552915,2025-04-11 07:56:11,1543.1509
18446744073709552916,2025-04-11 08:25:47,1535.32
18446744073709552917,2025-04-11 09:13:35,1543.0617
18446744073709552918,2025-04-11 09:44:35,1551.26
18446744073709552919,2025-04-11 10:35:11,1543.3351
18446744073709552920,2025-04-11 11:35:47,1550.5935
18446744073709552921,2025-04-11 11:44:11,1558.973475
18446744073709552922,2025-04-11 12:24:11,1550.86
18446744073709552923,2025-04-11 13:24:47,1553.96
18446744073709552924,2025-04-11 13:31:47,1545.53123759
18446744073709552925,2025-04-11 13:35:47,1556.3488376
18446744073709552926,2025-04-11 13:36:35,1564.242862
18446744073709552927,2025-04-11 13:39:47,1556.152421
18446744073709552928,2025-04-11 14:17:11,1548.2216
18446744073709552929,2025-04-11 14:55:47,1556.3
18446744073709552930,2025-04-11 15:06:11,1564.35
18446744073709552931,2025-04-11 15:42:11,1556.03
18446744073709552932,2025-04-11 15:50:47,1564.3222364
18446744073709552933,2025-04-11 16:04:35,1576.13
18446744073709552934,2025-04-11 16:16:11,1568.11
18446744073709552935,2025-04-11 16:53:23,1560.07275673
18446744073709552936,2025-04-11 17:53:47,1557.29171635
18446744073709552937,2025-04-11 18:00:47,1565.42818718
18446744073709552938,2025-04-11 18:22:23,1557.46251399
18446744073709552939,2025-04-11 18:50:23,1549.31382257
18446744073709552940,2025-04-11 18:54:47,1557.59
18446744073709552941,2025-04-11 19:05:23,1566.45
18446744073709552942,2025-04-11 19:09:47,1574.75
18446744073709552943,2025-04-11 19:30:35,1566.09
18446744073709552944,2025-04-11 19:32:23,1557.24
18446744073709552945,2025-04-11 19:37:59,1565.57
18446744073709552946,2025-04-11 19:49:47,1557.59727293
18446744073709552947,2025-04-11 19:54:59,1549.330838
18446744073709552948,2025-04-11 19:58:47,1541.4888
18446744073709552949,2025-04-11 20:01:23,1550.63
18446744073709552950,2025-04-11 20:15:59,1560.7793
18446744073709552951,2025-04-11 21:16:23,1565.84
18446744073709552952,2025-04-11 21:51:59,1556.97
18446744073709552953,2025-04-11 22:03:59,1565.34
18446744073709552954,2025-04-11 23:04:35,1565.94880811
18446744073709552955,2025-04-11 23:07:59,1573.978973
18446744073709552956,2025-04-11 23:10:23,1587.63350052
18446744073709552957,2025-04-11 23:27:23,1579.56
18446744073709552958,2025-04-11 23:49:59,1571.348982
18446744073709552959,2025-04-12 00:22:35,1561.64545953
18446744073709552960,2025-04-12 00:38:59,1569.92
18446744073709552961,2025-04-12 01:17:35,1561.77234518
18446744073709552962,2025-04-12 01:54:35,1569.86667013
18446744073709552963,2025-04-12 02:41:35,1577.909
18446744073709552964,2025-04-12 02:53:35,1586.199665
18446744073709552965,2025-04-12 02:56:59,1575.83
18446744073709552966,2025-04-12 03:08:35,1566.26
18446744073709552967,2025-04-12 03:24:35,1574.32
18446744073709552968,2025-04-12 04:23:35,1566.161197
18446744073709552969,2025-04-12 05:24:11,1567.79707736
18446744073709552970,2025-04-12 06:24:35,1562.26
18446744073709552971,2025-04-12 07:22:11,1552.6749
18446744073709552972,2025-04-12 08:22:47,1550.4537
18446744073709552973,2025-04-12 09:18:47,1558.38407336
18446744073709552974,2025-04-12 09:37:47,1550.15
18446744073709552975,2025-04-12 10:01:47,1558.773019
18446744073709552976,2025-04-12 10:26:47,1567.47822592
18446744073709552977,2025-04-12 11:27:11,1567.3621
18446744073709552978,2025-04-12 11:52:47,1575.41
18446744073709552979,2025-04-12 12:53:23,1574.65
18446744073709552980,2025-04-12 13:17:47,1582.8297
18446744073709552981,2025-04-12 13:37:23,1593.142031
18446744073709552982,2025-04-12 13:41:47,1603.006487
18446744073709552983,2025-04-12 13:48:47,1594.88
18446744073709552984,2025-04-12 14:49:23,1589.16
18446744073709552985,2025-04-12 15:16:47,1597.12637411
18446744073709552986,2025-04-12 16:15:23,1587.91
18446744073709552987,2025-04-12 16:44:59,1596.013341
18446744073709552988,2025-04-12 17:45:23,1596.25111816
18446744073709552989,2025-04-12 18:10:23,1607.5605
18446744073709552990,2025-04-12 18:17:23,1599.405
18446744073709552991,2025-04-12 18:29:23,1608.2161
18446744073709552992,2025-04-12 18:37:59,1618.08
18446744073709552993,2025-04-12 18:53:59,1609.259
18446744073709552994,2025-04-12 19:00:11,1617.75880572
18446744073709552995,2025-04-12 19:13:23,1627.660888
18446744073709552996,2025-04-12 19:23:35,1636.8
18446744073709552997,2025-04-12 19:38:59,1648.498999
18446744073709552998,2025-04-12 19:53:59,1657.77222566
18446744073709552999,2025-04-12 20:16:35,1648.93
18446744073709553000,2025-04-12 20:46:59,1659.33478578
18446744073709553001,2025-04-12 21:47:35,1653.915117
18446744073709553002,2025-04-12 22:15:35,1644.92066959
18446744073709553003,2025-04-12 22:39:59,1634.8846
18446744073709553004,2025-04-12 23:40:35,1637.5477
18446744073709553005,2025-04-13 00:00:35,1645.98
18446744073709553006,2025-04-13 00:22:59,1654.25917021
18446744073709553007,2025-04-13 00:40:35,1645.2137
18446744073709553008,2025-04-13 01:01:35,1636.54847881
18446744073709553009,2025-04-13 01:35:35,1645.77
18446744073709553010,2025-04-13 02:09:11,1654.53451046
18446744073709553011,2025-04-13 03:09:35,1649.51360234
18446744073709553012,2025-04-13 04:10:11,1650.4085
18446744073709553013,2025-04-13 05:10:47,1648.3472
18446744073709553014,2025-04-13 05:53:47,1639.4268
18446744073709553015,2025-04-13 06:54:11,1644.1282
18446744073709553016,2025-04-13 07:10:11,1635.78190609
18446744073709553017,2025-04-13 07:22:47,1627.53
18446744073709553018,2025-04-13 07:26:47,1610.44994622
18446744073709553019,2025-04-13 07:33:11,1618.55120132
18446744073709553020,2025-04-13 07:55:11,1610.15357644
18446744073709553021,2025-04-13 08:11:47,1618.90863482
18446744073709553022,2025-04-13 08:29:11,1627.28577119
18446744073709553023,2025-04-13 09:29:23,1623.8754
18446744073709553024,2025-04-13 09:45:47,1614.66473464
18446744073709553025,2025-04-13 10:27:47,1605.48
18446744073709553026,2025-04-13 11:28:23,1609.144853
18446744073709553027,2025-04-13 12:03:23,1617.99
18446744073709553028,2025-04-13 13:03:59,1614.27391733
18446744073709553029,2025-04-13 14:04:23,1616.68008963
18446744073709553030,2025-04-13 14:59:35,1624.93940017
18446744073709553031,2025-04-13 15:51:23,1616.81
18446744073709553032,2025-04-13 16:46:59,1604.12
18446744073709553033,2025-04-13 16:51:11,1595.487235
18446744073709553034,2025-04-13 16:58:35,1604.81
18446744073709553035,2025-04-13 17:19:35,1596.763989
18446744073709553036,2025-04-13 17:31:59,1605.86702278
18446744073709553037,2025-04-13 18:32:35,1604.8661
18446744073709553038,2025-04-13 18:56:59,1596.72
18446744073709553039,2025-04-13 19:13:47,1588.65777423
18446744073709553040,2025-04-13 19:22:23,1576.26
18446744073709553041,2025-04-13 19:27:59,1566.53
18446744073709553042,2025-04-13 19:31:35,1575.62
18446744073709553043,2025-04-13 20:04:35,1584.72
18446744073709553044,2025-04-13 21:05:11,1581.99001709
18446744073709553045,2025-04-13 21:31:35,1590.75232367
18446744073709553046,2025-04-13 21:56:11,1600.2867
18446744073709553047,2025-04-13 22:19:35,1591.46355118
18446744073709553048,2025-04-13 22:45:23,1599.56325733
18446744073709553049,2025-04-13 22:50:35,1627.569998
18446744073709553050,2025-04-13 22:53:11,1616.90221866
18446744073709553051,2025-04-13 23:14:59,1627.01913734
18446744073709553052,2025-04-13 23:16:35,1635.59
18446744073709553053,2025-04-13 23:20:47,1646.37054887
18446744073709553054,2025-04-13 23:29:35,1637.98
18446744073709553055,2025-04-13 23:49:35,1629.48
18446744073709553056,2025-04-14 00:34:35,1618.81384556
18446744073709553057,2025-04-14 00:46:35,1627.28
18446744073709553058,2025-04-14 01:01:47,1617.98090856
18446744073709553059,2025-04-14 01:08:59,1602.54616178
18446744073709553060,2025-04-14 01:10:11,1591.889248
18446744073709553061,2025-04-14 01:11:59,1581.17
18446744073709553062,2025-04-14 01:12:11,1564.0448
18446744073709553063,2025-04-14 01:12:47,1575.98
18446744073709553064,2025-04-14 01:13:59,1584.337648
18446744073709553065,2025-04-14 01:15:47,1575.78
18446744073709553066,2025-04-14 01:16:47,1584.2076
18446744073709553067,2025-04-14 01:21:11,1592.81428465
18446744073709553068,2025-04-14 01:22:47,1581.97703989
18446744073709553069,2025-04-14 01:32:47,1591.30989076
18446744073709553070,2025-04-14 01:34:47,1601.5741
18446744073709553071,2025-04-14 01:44:11,1609.64
18446744073709553072,2025-04-14 02:06:23,1598.779404
18446744073709553073,2025-04-14 02:10:47,1589.96158713
18446744073709553074,2025-04-14 02:14:23,1598.13
18446744073709553075,2025-04-14 02:16:11,1589.993558
18446744073709553076,2025-04-14 02:33:59,1577.083935
18446744073709553077,2025-04-14 02:45:11,1585.26493621
18446744073709553078,2025-04-14 03:02:47,1595.64
18446744073709553079,2025-04-14 03:04:47,1586.83
18446744073709553080,2025-04-14 03:09:47,1574.38
18446744073709553081,2025-04-14 03:16:11,1583.961137
18446744073709553082,2025-04-14 03:24:47,1593.1641
18446744073709553083,2025-04-14 04:05:47,1585.12850293
18446744073709553084,2025-04-14 04:41:11,1593.2989
18446744073709553085,2025-04-14 05:38:23,1602.2
18446744073709553086,2025-04-14 05:50:35,1610.83907987
18446744073709553087,2025-04-14 05:52:35,1621.5682
18446744073709553088,2025-04-14 06:21:23,1613.454017
18446744073709553089,2025-04-14 07:21:59,1617.68
18446744073709553090,2025-04-14 07:51:47,1626.57912527
18446744073709553091,2025-04-14 07:58:35,1636.19
18446744073709553092,2025-04-14 08:01:59,1645.4
18446744073709553093,2025-04-14 08:03:59,1655.94
18446744073709553094,2025-04-14 08:08:23,1647.39
18446744073709553095,2025-04-14 08:12:23,1638.76926114
18446744073709553096,2025-04-14 08:39:47,1629.9018
18446744073709553097,2025-04-14 09:39:59,1632.7532
18446744073709553098,2025-04-14 10:19:59,1641.17
18446744073709553099,2025-04-14 11:04:23,1632.22999999
18446744073709553100,2025-04-14 11:14:59,1622.11
18446744073709553101,2025-04-14 12:15:11,1626.414684
18446744073709553102,2025-04-14 12:45:11,1615.6376
18446744073709553103,2025-04-14 12:53:23,1624.04
18446744073709553104,2025-04-14 13:22:11,1632.295528
18446744073709553105,2025-04-14 14:16:23,1641.17
18446744073709553106,2025-04-14 15:10:23,1631.54484153
18446744073709553107,2025-04-14 15:23:23,1640.4085596
18446744073709553108,2025-04-14 15:40:47,1649.7212
18446744073709553109,2025-04-14 15:51:47,1664.616415
18446744073709553110,2025-04-14 16:11:47,1673.96
18446744073709553111,2025-04-14 16:22:23,1683.25
18446744073709553112,2025-04-14 16:34:23,1674.2325
18446744073709553113,2025-04-14 16:37:47,1682.87
18446744073709553114,2025-04-14 17:10:23,1674.221443
18446744073709553115,2025-04-14 18:10:47,1674.2816
18446744073709553116,2025-04-14 19:02:59,1663.20673156
18446744073709553117,2025-04-14 19:14:23,1653.50780514
18446744073709553118,2025-04-14 19:23:59,1662.6722
18446744073709553119,2025-04-14 20:06:59,1672.211847
18446744073709553120,2025-04-14 20:21:23,1682.17
18446744073709553121,2025-04-14 20:30:23,1673.21967725
18446744073709553122,2025-04-14 20:34:11,1663.477459
18446744073709553123,2025-04-14 20:45:23,1654.15124657
18446744073709553124,2025-04-14 21:08:23,1634.97965585
18446744073709553125,2025-04-14 21:19:59,1625.114983
18446744073709553126,2025-04-14 21:52:23,1634.85518637
18446744073709553127,2025-04-14 21:57:23,1624.78
18446744073709553128,2025-04-14 22:14:35,1634.0774765
18446744073709553129,2025-04-14 22:52:59,1643.3181
18446744073709553130,2025-04-14 23:53:35,1641.26299811
18446744073709553131,2025-04-15 00:53:59,1639.18309921
18446744073709553132,2025-04-15 01:54:11,1632.57147325
18446744073709553133,2025-04-15 02:54:35,1630.82
18446744073709553134,2025-04-15 03:08:11,1618.79684012
18446744073709553135,2025-04-15 04:08:35,1621.4447
18446744073709553136,2025-04-15 05:09:11,1625.42
18446744073709553137,2025-04-15 05:45:35,1616.88569951
18446744073709553138,2025-04-15 05:56:35,1626.05
18446744073709553139,2025-04-15 06:56:47,1629.8351824
18446744073709553140,2025-04-15 07:56:59,1626.50173908
18446744073709553141,2025-04-15 08:07:35,1617.89588308
18446744073709553142,2025-04-15 08:20:11,1626.502716
18446744073709553143,2025-04-15 08:55:59,1635.123056
18446744073709553144,2025-04-15 09:56:35,1632.99
18446744073709553145,2025-04-15 10:32:35,1641.23844597
18446744073709553146,2025-04-15 11:33:11,1638.75901268
18446744073709553147,2025-04-15 12:33:35,1640.9551
18446744073709553148,2025-04-15 13:34:23,1646.07988179
18446744073709553149,2025-04-15 14:34:47,1641.7526055
18446744073709553150,2025-04-15 14:47:11,1649.97311416
18446744073709553151,2025-04-15 15:03:47,1641.11
18446744073709553152,2025-04-15 15:31:23,1650.03778189
18446744073709553153,2025-04-15 15:46:47,1640.97
18446744073709553154,2025-04-15 16:03:47,1629.85496155
18446744073709553155,2025-04-15 17:04:11,1630.88856374
18446744073709553156,2025-04-15 18:04:47,1633.9
18446744073709553157,2025-04-15 18:29:11,1642.4534
18446744073709553158,2025-04-15 19:18:47,1652.19896009
18446744073709553159,2025-04-15 19:25:47,1629.99444445
18446744073709553160,2025-04-15 19:49:59,1611.5
18446744073709553161,2025-04-15 20:12:35,1620.19
18446744073709553162,2025-04-15 20:46:47,1628.3720306
18446744073709553163,2025-04-15 21:06:47,1617.68
18446744073709553164,2025-04-15 21:36:47,1626.6031
18446744073709553165,2025-04-15 22:37:23,1625.46979082
18446744073709553166,2025-04-15 22:55:23,1616.488937
18446744073709553167,2025-04-15 23:47:35,1606.44
18446744073709553168,2025-04-16 00:12:23,1615.0589
18446744073709553169,2025-04-16 00:33:59,1606.4715753
18446744073709553170,2025-04-16 01:34:11,1607.96
18446744073709553171,2025-04-16 02:23:35,1595.578581
18446744073709553172,2025-04-16 03:03:59,1603.6354589
18446744073709553173,2025-04-16 03:44:59,1595.21
18446744073709553174,2025-04-16 04:22:47,1585.13
18446744073709553175,2025-04-16 04:33:35,1593.2
18446744073709553176,2025-04-16 05:34:11,1590.3068
18446744073709553177,2025-04-16 05:46:35,1581.5125
18446744073709553178,2025-04-16 05:57:11,1590.175359
18446744073709553179,2025-04-16 06:28:35,1581.47792216
18446744073709553180,2025-04-16 06:38:11,1590.1511
18446744073709553181,2025-04-16 07:17:35,1598.2805
18446744073709553182,2025-04-16 08:18:11,1595.66
18446744073709553183,2025-04-16 09:18:47,1592.28
18446744073709553184,2025-04-16 09:47:23,1582.855125
18446744073709553185,2025-04-16 10:35:47,1591.01287748
18446744073709553186,2025-04-16 10:52:11,1580.207853
18446744073709553187,2025-04-16 10:55:11,1564.99426599
18446744073709553188,2025-04-16 11:09:11,1572.896444
18446744073709553189,2025-04-16 12:09:47,1575.985226
18446744073709553190,2025-04-16 12:55:23,1567.14408934
18446744073709553191,2025-04-16 13:39:47,1559.29
18446744073709553192,2025-04-16 13:58:47,1570.89
18446744073709553193,2025-04-16 14:11:59,1579.59370055
18446744073709553194,2025-04-16 15:12:23,1574.30666048
18446744073709553195,2025-04-16 16:12:47,1578.868204
18446744073709553196,2025-04-16 17:12:47,1581.95
18446744073709553197,2025-04-16 18:12:59,1580.4
18446744073709553198,2025-04-16 18:58:23,1572.43
18446744073709553199,2025-04-16 19:13:23,1581.62684811
18446744073709553200,2025-04-16 19:16:23,1573.70264852
18446744073709553201,2025-04-16 19:54:59,1581.690057
18446744073709553202,2025-04-16 20:02:35,1591.574192
18446744073709553203,2025-04-16 20:55:35,1600.6447
18446744073709553204,2025-04-16 21:16:11,1591.56
18446744073709553205,2025-04-16 21:53:59,1582.09304273
18446744073709553206,2025-04-16 22:25:35,1591.70811235
18446744073709553207,2025-04-16 22:48:59,1600.18403206
18446744073709553208,2025-04-16 23:10:59,1588.42
18446744073709553209,2025-04-16 23:11:35,1580.12711501
18446744073709553210,2025-04-16 23:17:59,1571.82217942
18446744073709553211,2025-04-16 23:20:59,1555.04
18446744073709553212,2025-04-16 23:28:47,1540.61
18446744073709553213,2025-04-16 23:30:59,1549.657215
18446744073709553214,2025-04-16 23:41:35,1559.54
18446744073709553215,2025-04-16 23:45:11,1568.38333343
18446744073709553216,2025-04-16 23:47:59,1558.97
18446744073709553217,2025-04-16 23:53:11,1566.92999999
18446744073709553218,2025-04-16 23:57:47,1574.8423363
18446744073709553219,2025-04-17 00:08:35,1566.160374
18446744073709553220,2025-04-17 00:55:11,1556.82
18446744073709553221,2025-04-17 01:14:35,1565.38
18446744073709553222,2025-04-17 01:19:35,1575.66
18446744073709553223,2025-04-17 01:21:11,1587.9
18446744073709553224,2025-04-17 02:13:11,1579.890046
18446744073709553225,2025-04-17 02:26:47,1571.94
18446744073709553226,2025-04-17 02:36:35,1582.05165851
18446744073709553227,2025-04-17 02:50:35,1590.01864141
18446744073709553228,2025-04-17 03:51:23,1586.35
18446744073709553229,2025-04-17 04:51:47,1579.28333512
18446744073709553230,2025-04-17 05:52:11,1578.35897649
18446744073709553231,2025-04-17 06:30:47,1586.263563
18446744073709553232,2025-04-17 07:31:11,1588.49
18446744073709553233,2025-04-17 08:31:11,1592.47957292
18446744073709553234,2025-04-17 08:55:47,1584.11
18446744073709553235,2025-04-17 09:56:23,1582.962136
18446744073709553236,2025-04-17 10:20:47,1590.95281847
18446744073709553237,2025-04-17 11:05:47,1598.943122
18446744073709553238,2025-04-17 11:57:47,1607.2993
18446744073709553239,2025-04-17 12:57:59,1605.94457721
18446744073709553240,2025-04-17 13:58:23,1601.13988578
18446744073709553241,2025-04-17 14:32:23,1592.2546
18446744073709553242,2025-04-17 15:32:59,1594.5406
18446744073709553243,2025-04-17 16:33:23,1595.25931704
18446744073709553244,2025-04-17 17:33:35,1597.23
18446744073709553245,2025-04-17 18:33:59,1598.33
18446744073709553246,2025-04-17 19:04:11,1590.16298813
18446744073709553247,2025-04-17 19:48:35,1581.30107212
18446744073709553248,2025-04-17 20:04:35,1572.94
18446744073709553249,2025-04-17 20:08:47,1563.27
18446744073709553250,2025-04-17 20:11:59,1571.49
18446744073709553251,2025-04-17 20:37:35,1581.171138
18446744073709553252,2025-04-17 21:38:11,1586.31574874
18446744073709553253,2025-04-17 21:49:47,1595.340605
18446744073709553254,2025-04-17 21:55:11,1606.483564
18446744073709553255,2025-04-17 22:55:35,1605.8
18446744073709553256,2025-04-17 23:16:35,1613.974397
18446744073709553257,2025-04-18 00:16:47,1612.63283577
18446744073709553258,2025-04-18 00:22:11,1603.3888
18446744073709553259,2025-04-18 00:46:35,1593.93
18446744073709553260,2025-04-18 00:50:47,1584.06642082
18446744073709553261,2025-04-18 01:51:11,1585.12633143
18446744073709553262,2025-04-18 02:51:47,1584.58893015
18446744073709553263,2025-04-18 03:52:11,1590.46
18446744073709553264,2025-04-18 04:24:23,1581.68909274
18446744073709553265,2025-04-18 05:24:47,1583.65843458
18446744073709553266,2025-04-18 06:25:23,1580.14
18446744073709553267,2025-04-18 06:46:47,1589.22315171
18446744073709553268,2025-04-18 07:38:23,1580.54
18446744073709553269,2025-04-18 08:38:59,1581.06054414
18446744073709553270,2025-04-18 09:39:11,1581.73
18446744073709553271,2025-04-18 10:39:47,1579.7954
18446744073709553272,2025-04-18 11:40:11,1580.99804395
18446744073709553273,2025-04-18 12:40:23,1579.3866
18446744073709553274,2025-04-18 13:40:47,1584.8553619
18446744073709553275,2025-04-18 14:41:23,1584.72960641
18446744073709553276,2025-04-18 15:41:47,1588.22749187
18446744073709553277,2025-04-18 16:41:47,1587.5
18446744073709553278,2025-04-18 17:41:59,1589.17
18446744073709553279,2025-04-18 18:42:23,1589.00577311
18446744073709553280,2025-04-18 19:42:59,1590.48473162
18446744073709553281,2025-04-18 20:43:23,1581.5826292
18446744073709553282,2025-04-18 21:43:35,1584.64434474
18446744073709553283,2025-04-18 22:43:59,1587.74812345
18446744073709553284,2025-04-18 23:44:35,1591.491382
18446744073709553285,2025-04-19 00:44:59,1593.47
18446744073709553286,2025-04-19 01:45:11,1592.23
18446744073709553287,2025-04-19 02:45:35,1594.70767651
18446744073709553288,2025-04-19 03:46:11,1594.38978054
18446744073709553289,2025-04-19 04:46:23,1588.7650706
18446744073709553290,2025-04-19 05:46:35,1587.719816
18446744073709553291,2025-04-19 06:46:59,1589.848782
18446744073709553292,2025-04-19 07:47:35,1591.707302
18446744073709553293,2025-04-19 08:47:59,1596.28
18446744073709553294,2025-04-19 09:47:59,1599.6
18446744073709553295,2025-04-19 09:59:23,1609.065
18446744073709553296,2025-04-19 10:59:35,1605.21
18446744073709553297,2025-04-19 12:00:11,1599.5
18446744073709553298,2025-04-19 13:00:35,1602.66
18446744073709553299,2025-04-19 14:00:47,1601.96698049
18446744073709553300,2025-04-19 15:01:11,1602.662372
18446744073709553301,2025-04-19 16:01:47,1598.34368175
18446744073709553302,2025-04-19 17:02:11,1596.24
18446744073709553303,2025-04-19 18:02:23,1598.6779288
18446744073709553304,2025-04-19 19:02:47,1600.334948
18446744073709553305,2025-04-19 20:03:23,1607.5645
18446744073709553306,2025-04-19 21:03:47,1610.41987871
18446744073709553307,2025-04-19 22:03:59,1604.770241
18446744073709553308,2025-04-19 23:04:23,1607.53
18446744073709553309,2025-04-19 23:07:59,1628.53
18446744073709553310,2025-04-19 23:08:59,1619.922265
18446744073709553311,2025-04-20 00:09:23,1620.08
18446744073709553312,2025-04-20 01:09:35,1615.306994
18446744073709553313,2025-04-20 02:09:59,1614.44
18446744073709553314,2025-04-20 03:10:35,1619.52
18446744073709553315,2025-04-20 04:10:59,1618.570054
18446744073709553316,2025-04-20 05:11:11,1615.42687918
18446744073709553317,2025-04-20 06:11:23,1610.533825
18446744073709553318,2025-04-20 07:11:59,1617.10730146
18446744073709553319,2025-04-20 08:12:23,1617.44
18446744073709553320,2025-04-20 09:12:23,1611.35
18446744073709553321,2025-04-20 10:12:35,1616.49309
18446744073709553322,2025-04-20 11:12:59,1613.35803831
18446744073709553323,2025-04-20 12:13:35,1607.32505544
18446744073709553324,2025-04-20 12:49:47,1588.50101942
18446744073709553325,2025-04-20 13:21:35,1596.85
18446744073709553326,2025-04-20 14:22:11,1589.91340101
18446744073709553327,2025-04-20 15:22:35,1590.48
18446744073709553328,2025-04-20 16:13:11,1582.04
18446744073709553329,2025-04-20 16:24:35,1573.41395466
